{
  "aor": 0.002137627118644068,
  "aqi": 0.0058360287570621465,
  "bids_meta": {
    "dataset": "ds001246",
    "modality": "bold",
    "run_id": 7,
    "session_id": "perceptionTest03",
    "subject_id": "03",
    "task_id": "perception"
  },
  "dummy_trs": 1,
  "dvars_nstd": 20.63366632022727,
  "dvars_std": 1.041871451988637,
  "dvars_vstd": 1.0137776863636367,
  "efc": 0.5742795586036095,
  "fber": 494.91326904296875,
  "fd_mean": 0.04856408584550371,
  "fd_num": 0,
  "fd_perc": 0.0,
  "fwhm_avg": 1.9455888888888888,
  "fwhm_x": 1.8050499999999998,
  "fwhm_y": 2.0593266666666667,
  "fwhm_z": 1.9723899999999999,
  "gcor": 0.0102259,
  "gsr_x": -0.005054949317127466,
  "gsr_y": 0.04487449675798416,
  "provenance": {
    "md5sum": "2af08b5648374075a4c6ad9d5fd1cdf4",
    "settings": {
      "fd_thres": 0.2,
      "testing": false
    },
    "software": "mriqc",
    "version": "23.1.0"
  },
  "size_t": 177,
  "size_x": 64,
  "size_y": 64,
  "size_z": 50,
  "snr": 4.037908202097601,
  "spacing_tr": 3.0,
  "spacing_x": 3.0,
  "spacing_y": 3.0,
  "spacing_z": 3.0,
  "summary_bg_k": 25.041504755064434,
  "summary_bg_mad": 17.045734654950376,
  "summary_bg_mean": 74.75611514081885,
  "summary_bg_median": 36.62711715698242,
  "summary_bg_n": 153787.0,
  "summary_bg_p05": 22.99435043334961,
  "summary_bg_p95": 267.1638488769531,
  "summary_bg_stdv": 94.97562631878135,
  "summary_fg_k": 1.4556826207394211,
  "summary_fg_mad": 169.89613355915375,
  "summary_fg_mean": 829.3256670423698,
  "summary_fg_median": 814.8305053710938,
  "summary_fg_n": 51013.0,
  "summary_fg_p05": 508.80224609375,
  "summary_fg_p95": 1178.4915771484375,
  "summary_fg_stdv": 201.79322511841158,
  "tsnr": 58.49053721036762
}