{
  "aor": 0.00039796610169491527,
  "aqi": 0.004397505423728814,
  "bids_meta": {
    "dataset": "ds001246",
    "modality": "bold",
    "run_id": 6,
    "session_id": "perceptionTest03",
    "subject_id": "03",
    "task_id": "perception"
  },
  "dummy_trs": 1,
  "dvars_nstd": 20.540798013636365,
  "dvars_std": 1.0319409969886357,
  "dvars_vstd": 0.9959466919886363,
  "efc": 0.5739384851247727,
  "fber": 504.2060241699219,
  "fd_mean": 0.04479515638284483,
  "fd_num": 2,
  "fd_perc": 1.1299435028248588,
  "fwhm_avg": 1.945697777777778,
  "fwhm_x": 1.8110833333333334,
  "fwhm_y": 2.05501,
  "fwhm_z": 1.971,
  "gcor": 0.0145313,
  "gsr_x": -0.00510312058031559,
  "gsr_y": 0.04597796872258186,
  "provenance": {
    "md5sum": "b1f0560972a245176cc91020c76ca2ac",
    "settings": {
      "fd_thres": 0.2,
      "testing": false
    },
    "software": "mriqc",
    "version": "23.1.0"
  },
  "size_t": 177,
  "size_x": 64,
  "size_y": 64,
  "size_z": 50,
  "snr": 4.038492944116733,
  "spacing_tr": 3.0,
  "spacing_x": 3.0,
  "spacing_y": 3.0,
  "spacing_z": 3.0,
  "summary_bg_k": 25.707507535373438,
  "summary_bg_mad": 16.107590478856533,
  "summary_bg_mean": 74.72323043692205,
  "summary_bg_median": 36.34463119506836,
  "summary_bg_n": 153796.0,
  "summary_bg_p05": 24.46327781677246,
  "summary_bg_p95": 267.1638488769531,
  "summary_bg_stdv": 95.54553680058483,
  "summary_fg_k": 1.4379862298853707,
  "summary_fg_mad": 169.98409067319108,
  "summary_fg_mean": 830.2624113546448,
  "summary_fg_median": 816.1017150878906,
  "summary_fg_n": 51004.0,
  "summary_fg_p05": 508.3163757324219,
  "summary_fg_p95": 1178.203369140625,
  "summary_fg_stdv": 202.07877690310997,
  "tsnr": 64.43171205930412
}