{
  "aor": 0.0007936158192090395,
  "aqi": 0.004872033502824859,
  "bids_meta": {
    "dataset": "ds001246",
    "modality": "bold",
    "run_id": 5,
    "session_id": "perceptionTest03",
    "subject_id": "03",
    "task_id": "perception"
  },
  "dummy_trs": 1,
  "dvars_nstd": 21.062306685795463,
  "dvars_std": 1.0418290313068186,
  "dvars_vstd": 1.0022867877272734,
  "efc": 0.5738476145393611,
  "fber": 503.0874938964844,
  "fd_mean": 0.05195644884771829,
  "fd_num": 2,
  "fd_perc": 1.1299435028248588,
  "fwhm_avg": 1.9404755555555555,
  "fwhm_x": 1.8113766666666666,
  "fwhm_y": 2.05314,
  "fwhm_z": 1.95691,
  "gcor": 0.0138342,
  "gsr_x": -0.004802053328603506,
  "gsr_y": 0.045175064355134964,
  "provenance": {
    "md5sum": "91a4ad0028ad6f6819af405f25ff5fc2",
    "settings": {
      "fd_thres": 0.2,
      "testing": false
    },
    "software": "mriqc",
    "version": "23.1.0"
  },
  "size_t": 177,
  "size_x": 64,
  "size_y": 64,
  "size_z": 50,
  "snr": 4.030226064076099,
  "spacing_tr": 3.0,
  "spacing_x": 3.0,
  "spacing_y": 3.0,
  "spacing_z": 3.0,
  "summary_bg_k": 25.105759625273347,
  "summary_bg_mad": 16.509655500427396,
  "summary_bg_mean": 74.76430444532657,
  "summary_bg_median": 36.40113067626953,
  "summary_bg_n": 153838.0,
  "summary_bg_p05": 23.836158752441406,
  "summary_bg_p95": 267.23162841796875,
  "summary_bg_stdv": 95.39860421527193,
  "summary_fg_k": 1.4832020348777206,
  "summary_fg_mad": 169.7537461939915,
  "summary_fg_mean": 830.1365064687068,
  "summary_fg_median": 816.4632568359375,
  "summary_fg_n": 50962.0,
  "summary_fg_p05": 507.35028076171875,
  "summary_fg_p95": 1178.525390625,
  "summary_fg_stdv": 202.5829899627375,
  "tsnr": 61.637550144223496
}