{
  "aor": 0.0004762359550561797,
  "aqi": 0.004658130505617978,
  "bids_meta": {
    "dataset": "ds001246",
    "modality": "bold",
    "run_id": 8,
    "session_id": "perceptionTest01",
    "subject_id": "03",
    "task_id": "perception"
  },
  "dummy_trs": 0,
  "dvars_nstd": 24.06944153129943,
  "dvars_std": 1.1182497095480228,
  "dvars_vstd": 1.004660346327684,
  "efc": 0.5756861117523662,
  "fber": 480.5740966796875,
  "fd_mean": 0.04891867485292767,
  "fd_num": 0,
  "fd_perc": 0.0,
  "fwhm_avg": 1.9033600000000002,
  "fwhm_x": 1.77198,
  "fwhm_y": 1.9967166666666667,
  "fwhm_z": 1.9413833333333335,
  "gcor": 0.0155699,
  "gsr_x": -0.005719394888728857,
  "gsr_y": 0.044954922050237656,
  "provenance": {
    "md5sum": "128b82efd354918391610dd993d55a7e",
    "settings": {
      "fd_thres": 0.2,
      "testing": false
    },
    "software": "mriqc",
    "version": "23.1.0"
  },
  "size_t": 178,
  "size_x": 64,
  "size_y": 64,
  "size_z": 50,
  "snr": 4.0250921434670595,
  "spacing_tr": 3.0,
  "spacing_x": 3.0,
  "spacing_y": 3.0,
  "spacing_z": 3.0,
  "summary_bg_k": 27.129848245153838,
  "summary_bg_mad": 17.183195924026833,
  "summary_bg_mean": 75.23661069573419,
  "summary_bg_median": 36.58988952636719,
  "summary_bg_n": 153919.0,
  "summary_bg_p05": 23.47191047668457,
  "summary_bg_p95": 267.34271240234375,
  "summary_bg_stdv": 97.14390211882588,
  "summary_fg_k": 1.5068801690735318,
  "summary_fg_mad": 167.1009614444431,
  "summary_fg_mean": 816.8666170932796,
  "summary_fg_median": 802.1235961914062,
  "summary_fg_n": 50881.0,
  "summary_fg_p05": 502.37078857421875,
  "summary_fg_p95": 1160.6910400390625,
  "summary_fg_stdv": 199.27884510807542,
  "tsnr": 63.12319188937545
}