{
  "aor": 0.0006073459715639811,
  "aqi": 0.006093640236966824,
  "bids_meta": {
    "dataset": "ds001246",
    "modality": "bold",
    "run_id": 5,
    "session_id": "imageryTest03",
    "subject_id": "03",
    "task_id": "imagery"
  },
  "dummy_trs": 2,
  "dvars_nstd": 23.423897279666676,
  "dvars_std": 1.1060040024285713,
  "dvars_vstd": 1.001912006238095,
  "efc": 0.5787902685948052,
  "fber": 473.15130615234375,
  "fd_mean": 0.06004497946824017,
  "fd_num": 5,
  "fd_perc": 2.3696682464454977,
  "fwhm_avg": 1.9857177777777777,
  "fwhm_x": 1.8560299999999998,
  "fwhm_y": 2.10087,
  "fwhm_z": 2.000253333333333,
  "gcor": 0.04606,
  "gsr_x": -0.007847670465707779,
  "gsr_y": 0.04731465131044388,
  "provenance": {
    "md5sum": "20d5abf042cd4aef9f7992ff667f304f",
    "settings": {
      "fd_thres": 0.2,
      "testing": false
    },
    "software": "mriqc",
    "version": "23.1.0"
  },
  "size_t": 211,
  "size_x": 64,
  "size_y": 64,
  "size_z": 50,
  "snr": 3.9945304151948267,
  "spacing_tr": 3.0,
  "spacing_x": 3.0,
  "spacing_y": 3.0,
  "spacing_z": 3.0,
  "summary_bg_k": 21.450618597245732,
  "summary_bg_mad": 19.702452928985206,
  "summary_bg_mean": 81.86079719253725,
  "summary_bg_median": 39.44076156616211,
  "summary_bg_n": 153316.0,
  "summary_bg_p05": 24.990522384643555,
  "summary_bg_p95": 293.9478759765625,
  "summary_bg_stdv": 104.46018753646833,
  "summary_fg_k": 1.481869910852633,
  "summary_fg_mad": 182.20899838865273,
  "summary_fg_mean": 878.1672296218406,
  "summary_fg_median": 857.9170837402344,
  "summary_fg_n": 51484.0,
  "summary_fg_p05": 543.4218139648438,
  "summary_fg_p95": 1255.3507080078125,
  "summary_fg_stdv": 214.77086481949132,
  "tsnr": 65.01941470359452
}