{
  "aor": 0.0003853301886792453,
  "aqi": 0.006786512169811322,
  "bids_meta": {
    "dataset": "ds001246",
    "modality": "bold",
    "run_id": 1,
    "session_id": "imageryTest03",
    "subject_id": "03",
    "task_id": "imagery"
  },
  "dummy_trs": 1,
  "dvars_nstd": 24.46527348218009,
  "dvars_std": 1.1190177293838866,
  "dvars_vstd": 0.9805501966350707,
  "efc": 0.5736592565783376,
  "fber": 509.2763366699219,
  "fd_mean": 0.05380002067924493,
  "fd_num": 1,
  "fd_perc": 0.4716981132075472,
  "fwhm_avg": 1.9941177777777777,
  "fwhm_x": 1.8619866666666667,
  "fwhm_y": 2.08832,
  "fwhm_z": 2.0320466666666666,
  "gcor": 0.0526884,
  "gsr_x": -0.005795666482299566,
  "gsr_y": 0.04668176919221878,
  "provenance": {
    "md5sum": "8da30e962f56daa73880574f25fa96bc",
    "settings": {
      "fd_thres": 0.2,
      "testing": false
    },
    "software": "mriqc",
    "version": "23.1.0"
  },
  "size_t": 212,
  "size_x": 64,
  "size_y": 64,
  "size_z": 50,
  "snr": 3.9758688038096746,
  "spacing_tr": 3.0,
  "spacing_x": 3.0,
  "spacing_y": 3.0,
  "spacing_z": 3.0,
  "summary_bg_k": 25.31152491137401,
  "summary_bg_mad": 17.77024688219316,
  "summary_bg_mean": 77.87503137757002,
  "summary_bg_median": 37.5801887512207,
  "summary_bg_n": 153450.0,
  "summary_bg_p05": 24.40566062927246,
  "summary_bg_p95": 279.8254699707031,
  "summary_bg_stdv": 101.95184810272367,
  "summary_fg_k": 1.3558524219876897,
  "summary_fg_mad": 182.13280508616361,
  "summary_fg_mean": 867.4002461443997,
  "summary_fg_median": 848.0778503417969,
  "summary_fg_n": 51350.0,
  "summary_fg_p05": 534.5896606445312,
  "summary_fg_p95": 1239.8160400390625,
  "summary_fg_stdv": 213.3042196139723,
  "tsnr": 59.30246985564008
}