{
  "aor": 0.0004472769953051643,
  "aqi": 0.00677107178403756,
  "bids_meta": {
    "dataset": "ds001246",
    "modality": "bold",
    "run_id": 4,
    "session_id": "imageryTest03",
    "subject_id": "03",
    "task_id": "imagery"
  },
  "dummy_trs": 0,
  "dvars_nstd": 23.38687374915095,
  "dvars_std": 1.100447638726415,
  "dvars_vstd": 0.995783588490565,
  "efc": 0.5775755141379758,
  "fber": 480.9005432128906,
  "fd_mean": 0.05976203581400249,
  "fd_num": 0,
  "fd_perc": 0.0,
  "fwhm_avg": 1.9896844444444444,
  "fwhm_x": 1.8531766666666665,
  "fwhm_y": 2.10778,
  "fwhm_z": 2.0080966666666664,
  "gcor": 0.0469515,
  "gsr_x": -0.007655818946659565,
  "gsr_y": 0.04689466580748558,
  "provenance": {
    "md5sum": "5ba5cd9673cdac13ff23938d64305fb5",
    "settings": {
      "fd_thres": 0.2,
      "testing": false
    },
    "software": "mriqc",
    "version": "23.1.0"
  },
  "size_t": 213,
  "size_x": 64,
  "size_y": 64,
  "size_z": 50,
  "snr": 3.9996790664027886,
  "spacing_tr": 3.0,
  "spacing_x": 3.0,
  "spacing_y": 3.0,
  "spacing_z": 3.0,
  "summary_bg_k": 21.618002897949793,
  "summary_bg_mad": 19.46872635396551,
  "summary_bg_mean": 81.12781431243701,
  "summary_bg_median": 39.12676239013672,
  "summary_bg_n": 153399.0,
  "summary_bg_p05": 24.737089157104492,
  "summary_bg_p95": 292.774658203125,
  "summary_bg_stdv": 103.72891665340397,
  "summary_fg_k": 1.4879684471050947,
  "summary_fg_mad": 182.32523389583474,
  "summary_fg_mean": 878.1031417108617,
  "summary_fg_median": 858.0281982421875,
  "summary_fg_n": 51401.0,
  "summary_fg_p05": 544.1314697265625,
  "summary_fg_p95": 1253.4788818359375,
  "summary_fg_stdv": 214.5221747898518,
  "tsnr": 62.26885804790072
}