{
  "aor": 0.0004658215962441314,
  "aqi": 0.0063213081220657285,
  "bids_meta": {
    "dataset": "ds001246",
    "modality": "bold",
    "run_id": 8,
    "session_id": "imageryTest03",
    "subject_id": "03",
    "task_id": "imagery"
  },
  "dummy_trs": 0,
  "dvars_nstd": 24.50790621179244,
  "dvars_std": 1.1172085632547168,
  "dvars_vstd": 1.0011563096698108,
  "efc": 0.5798272960668658,
  "fber": 463.698974609375,
  "fd_mean": 0.07470414834769018,
  "fd_num": 5,
  "fd_perc": 2.347417840375587,
  "fwhm_avg": 2.01027,
  "fwhm_x": 1.8682400000000001,
  "fwhm_y": 2.12011,
  "fwhm_z": 2.0424599999999997,
  "gcor": 0.0484899,
  "gsr_x": -0.006851442623883486,
  "gsr_y": 0.04579783231019974,
  "provenance": {
    "md5sum": "7e8396b254d0ee96e3fcda010c9872f2",
    "settings": {
      "fd_thres": 0.2,
      "testing": false
    },
    "software": "mriqc",
    "version": "23.1.0"
  },
  "size_t": 213,
  "size_x": 64,
  "size_y": 64,
  "size_z": 50,
  "snr": 3.9805820460521883,
  "spacing_tr": 3.0,
  "spacing_x": 3.0,
  "spacing_y": 3.0,
  "spacing_z": 3.0,
  "summary_bg_k": 20.099884352108468,
  "summary_bg_mad": 20.07429683180231,
  "summary_bg_mean": 82.17778665735213,
  "summary_bg_median": 39.80751419067383,
  "summary_bg_n": 153196.0,
  "summary_bg_p05": 25.220657348632812,
  "summary_bg_p95": 292.9671325683594,
  "summary_bg_stdv": 103.89450143031455,
  "summary_fg_k": 1.392899170777059,
  "summary_fg_mad": 182.83338530928802,
  "summary_fg_mean": 877.0838544595501,
  "summary_fg_median": 857.201904296875,
  "summary_fg_n": 51604.0,
  "summary_fg_p05": 536.591552734375,
  "summary_fg_p95": 1256.01416015625,
  "summary_fg_stdv": 215.34378358828567,
  "tsnr": 64.54511549463496
}