{
  "aor": 0.0003676995305164319,
  "aqi": 0.007186412065727699,
  "bids_meta": {
    "dataset": "ds001246",
    "modality": "bold",
    "run_id": 6,
    "session_id": "imageryTest03",
    "subject_id": "03",
    "task_id": "imagery"
  },
  "dummy_trs": 0,
  "dvars_nstd": 24.85948940499998,
  "dvars_std": 1.1003696564622647,
  "dvars_vstd": 0.9824142810377356,
  "efc": 0.5796384969864957,
  "fber": 462.3816833496094,
  "fd_mean": 0.07907905173854876,
  "fd_num": 3,
  "fd_perc": 1.408450704225352,
  "fwhm_avg": 1.9979166666666668,
  "fwhm_x": 1.8606366666666665,
  "fwhm_y": 2.1087700000000003,
  "fwhm_z": 2.0243433333333334,
  "gcor": 0.0444796,
  "gsr_x": -0.007643561810255051,
  "gsr_y": 0.046834155917167664,
  "provenance": {
    "md5sum": "d3c36ea4aacc6224e786a3a0696ef79f",
    "settings": {
      "fd_thres": 0.2,
      "testing": false
    },
    "software": "mriqc",
    "version": "23.1.0"
  },
  "size_t": 213,
  "size_x": 64,
  "size_y": 64,
  "size_z": 50,
  "snr": 4.014254423910091,
  "spacing_tr": 3.0,
  "spacing_x": 3.0,
  "spacing_y": 3.0,
  "spacing_z": 3.0,
  "summary_bg_k": 20.23002358487979,
  "summary_bg_mad": 20.631140810411456,
  "summary_bg_mean": 82.04468057631398,
  "summary_bg_median": 39.84037780761719,
  "summary_bg_n": 153304.0,
  "summary_bg_p05": 23.8873233795166,
  "summary_bg_p95": 293.755859375,
  "summary_bg_stdv": 103.91335434830381,
  "summary_fg_k": 1.4337550287255985,
  "summary_fg_mad": 181.4412739488455,
  "summary_fg_mean": 876.2436016078171,
  "summary_fg_median": 856.6901550292969,
  "summary_fg_n": 51496.0,
  "summary_fg_p05": 542.6995239257812,
  "summary_fg_p95": 1250.732421875,
  "summary_fg_stdv": 213.40995026624546,
  "tsnr": 59.414370751939714
}