{
  "bids_meta": {
    "dataset": "ds001246",
    "modality": "T1w",
    "session_id": "anatomy",
    "subject_id": "03"
  },
  "cjv": 0.7200202652715737,
  "cnr": 1.324090274263936,
  "efc": 0.5545745041104793,
  "fber": 8367.569259058952,
  "fwhm_avg": 3.54922,
  "fwhm_x": 3.67192,
  "fwhm_y": 3.60378,
  "fwhm_z": 3.37196,
  "icvs_csf": 0.25827940996100945,
  "icvs_gm": 0.3795971892595251,
  "icvs_wm": 0.3621234007794654,
  "inu_med": 0.6269433498382568,
  "inu_range": 0.2670352905988693,
  "provenance": {
    "md5sum": "09d6abc3b6583a345c01349b420702e3",
    "settings": {
      "testing": false
    },
    "software": "mriqc",
    "version": "23.1.0",
    "warnings": {
      "large_rot_frame": true,
      "small_air_mask": false
    }
  },
  "qi_1": 0.0,
  "qi_2": 0.0008518094201749929,
  "rpve_csf": 7.958269404695745,
  "rpve_gm": 7.825846331413335,
  "rpve_wm": 7.916352256387684,
  "size_x": 192,
  "size_y": 256,
  "size_z": 256,
  "snr_csf": 2.2659617130361,
  "snr_gm": 5.839147755596017,
  "snr_total": 5.895265616694509,
  "snr_wm": 9.58068738145141,
  "snrd_csf": 41.89048818677815,
  "snrd_gm": 68.55074965585987,
  "snrd_total": 66.26572466733121,
  "snrd_wm": 88.35593615935562,
  "spacing_x": 1.0,
  "spacing_y": 1.0,
  "spacing_z": 1.0,
  "summary_bg_k": 6.602011269443773,
  "summary_bg_mad": 6.914907190991519,
  "summary_bg_mean": 7.174659213171061,
  "summary_bg_median": 4.664034023880959,
  "summary_bg_n": 4516899.0,
  "summary_bg_p05": 0.0,
  "summary_bg_p95": 26.80264885723591,
  "summary_bg_stdv": 9.757679607615607,
  "summary_csf_k": -0.04314641550989862,
  "summary_csf_mad": 147.9790138872185,
  "summary_csf_mean": 454.47447018536286,
  "summary_csf_median": 442.15042546391487,
  "summary_csf_n": 403082.7281779755,
  "summary_csf_p05": 152.8248481824994,
  "summary_csf_p95": 766.7982870861888,
  "summary_csf_stdv": 195.12680839166077,
  "summary_gm_k": -0.06866375359929311,
  "summary_gm_mad": 77.86185497056451,
  "summary_gm_mean": 731.4582839969719,
  "summary_gm_median": 723.5471449047327,
  "summary_gm_n": 592416.835234831,
  "summary_gm_p05": 534.373924896121,
  "summary_gm_p95": 956.6244718581438,
  "summary_gm_stdv": 123.91303740122552,
  "summary_wm_k": -0.1000434725491064,
  "summary_wm_mad": 72.65262488668422,
  "summary_wm_mean": 916.2410954936266,
  "summary_wm_median": 932.5891498550773,
  "summary_wm_n": 565146.4371291103,
  "summary_wm_p05": 733.5592712759972,
  "summary_wm_p95": 1052.0506079867482,
  "summary_wm_stdv": 97.34043995360437,
  "tpm_overlap_csf": 0.23344703204924538,
  "tpm_overlap_gm": 0.5289155645334024,
  "tpm_overlap_wm": 0.5510504493189963,
  "wm2max": 0.586682076272799
}