{
  "aor": 0.0004743258426966292,
  "aqi": 0.005145470449438202,
  "bids_meta": {
    "dataset": "ds001246",
    "modality": "bold",
    "run_id": 8,
    "session_id": "perceptionTraining01",
    "subject_id": "04",
    "task_id": "perception"
  },
  "dummy_trs": 0,
  "dvars_nstd": 22.082577301355943,
  "dvars_std": 1.0512449997740108,
  "dvars_vstd": 1.0011546277966108,
  "efc": 0.5760323022156242,
  "fber": 484.4109191894531,
  "fd_mean": 0.04370435458177852,
  "fd_num": 1,
  "fd_perc": 0.5617977528089888,
  "fwhm_avg": 2.0086366666666664,
  "fwhm_x": 1.8988466666666666,
  "fwhm_y": 2.115153333333333,
  "fwhm_z": 2.01191,
  "gcor": 0.0264867,
  "gsr_x": 0.00028099489281885326,
  "gsr_y": 0.03250082954764366,
  "provenance": {
    "md5sum": "7792079b3e564c726c462f7b9f9ca2d2",
    "settings": {
      "fd_thres": 0.2,
      "testing": false
    },
    "software": "mriqc",
    "version": "23.1.0"
  },
  "size_t": 178,
  "size_x": 64,
  "size_y": 64,
  "size_z": 50,
  "snr": 4.31507095460283,
  "spacing_tr": 3.0,
  "spacing_x": 3.0,
  "spacing_y": 3.0,
  "spacing_z": 3.0,
  "summary_bg_k": 17.694515157115426,
  "summary_bg_mad": 18.47422334033425,
  "summary_bg_mean": 74.8255766364637,
  "summary_bg_median": 37.90449523925781,
  "summary_bg_n": 153917.0,
  "summary_bg_p05": 24.230337142944336,
  "summary_bg_p95": 266.7865295410156,
  "summary_bg_stdv": 90.9126536729598,
  "summary_fg_k": 1.216304851718835,
  "summary_fg_mad": 158.01377898688992,
  "summary_fg_mean": 832.8568641610568,
  "summary_fg_median": 834.2528076171875,
  "summary_fg_n": 50883.0,
  "summary_fg_p05": 491.08990478515625,
  "summary_fg_p95": 1138.8089599609375,
  "summary_fg_stdv": 193.33276754842728,
  "tsnr": 62.96455002995208
}