{
  "aor": 0.0005278651685393258,
  "aqi": 0.004298589382022472,
  "bids_meta": {
    "dataset": "ds001246",
    "modality": "bold",
    "run_id": 5,
    "session_id": "perceptionTraining01",
    "subject_id": "04",
    "task_id": "perception"
  },
  "dummy_trs": 0,
  "dvars_nstd": 21.82112744406781,
  "dvars_std": 1.068762593728814,
  "dvars_vstd": 1.0132626855932205,
  "efc": 0.5743105692936796,
  "fber": 498.0704650878906,
  "fd_mean": 0.036796598157748564,
  "fd_num": 2,
  "fd_perc": 1.1235955056179776,
  "fwhm_avg": 2.004936666666667,
  "fwhm_x": 1.8973733333333334,
  "fwhm_y": 2.123343333333333,
  "fwhm_z": 1.9940933333333335,
  "gcor": 0.0372537,
  "gsr_x": -3.108879900537431e-05,
  "gsr_y": 0.032916419208049774,
  "provenance": {
    "md5sum": "c989c1b2e18c56ec32a4514f6c8e93bc",
    "settings": {
      "fd_thres": 0.2,
      "testing": false
    },
    "software": "mriqc",
    "version": "23.1.0"
  },
  "size_t": 178,
  "size_x": 64,
  "size_y": 64,
  "size_z": 50,
  "snr": 4.309418940145265,
  "spacing_tr": 3.0,
  "spacing_x": 3.0,
  "spacing_y": 3.0,
  "spacing_z": 3.0,
  "summary_bg_k": 18.21671538647029,
  "summary_bg_mad": 17.649628224073695,
  "summary_bg_mean": 74.02365085953355,
  "summary_bg_median": 37.35393142700195,
  "summary_bg_n": 154017.0,
  "summary_bg_p05": 24.63483238220215,
  "summary_bg_p95": 266.5617980957031,
  "summary_bg_stdv": 90.58865751313792,
  "summary_fg_k": 1.2405155170060214,
  "summary_fg_mad": 158.9466492426623,
  "summary_fg_mean": 833.5240113112052,
  "summary_fg_median": 833.6460571289062,
  "summary_fg_n": 50783.0,
  "summary_fg_p05": 492.89324951171875,
  "summary_fg_p95": 1139.3201904296875,
  "summary_fg_stdv": 193.44553424548792,
  "tsnr": 67.83343639899977
}