{
  "aor": 0.000508932584269663,
  "aqi": 0.004619221404494382,
  "bids_meta": {
    "dataset": "ds001246",
    "modality": "bold",
    "run_id": 4,
    "session_id": "perceptionTraining01",
    "subject_id": "04",
    "task_id": "perception"
  },
  "dummy_trs": 0,
  "dvars_nstd": 21.82783145158194,
  "dvars_std": 1.0647246201694913,
  "dvars_vstd": 1.008659954689266,
  "efc": 0.5733526786324097,
  "fber": 508.8324279785156,
  "fd_mean": 0.03519560184308397,
  "fd_num": 0,
  "fd_perc": 0.0,
  "fwhm_avg": 1.9985899999999999,
  "fwhm_x": 1.8930166666666668,
  "fwhm_y": 2.1061866666666664,
  "fwhm_z": 1.9965666666666666,
  "gcor": 0.0297766,
  "gsr_x": -0.0006991924019530416,
  "gsr_y": 0.032861869782209396,
  "provenance": {
    "md5sum": "ca11145d6eefda3809642c729554f634",
    "settings": {
      "fd_thres": 0.2,
      "testing": false
    },
    "software": "mriqc",
    "version": "23.1.0"
  },
  "size_t": 178,
  "size_x": 64,
  "size_y": 64,
  "size_z": 50,
  "snr": 4.325298216347545,
  "spacing_tr": 3.0,
  "spacing_x": 3.0,
  "spacing_y": 3.0,
  "spacing_z": 3.0,
  "summary_bg_k": 18.171923129420534,
  "summary_bg_mad": 17.116560718420626,
  "summary_bg_mean": 73.44350901134877,
  "summary_bg_median": 36.90449523925781,
  "summary_bg_n": 154113.0,
  "summary_bg_p05": 24.522472381591797,
  "summary_bg_p95": 266.01123046875,
  "summary_bg_stdv": 90.09316061062141,
  "summary_fg_k": 1.1990419997293342,
  "summary_fg_mad": 159.13821838918184,
  "summary_fg_mean": 832.6814207539536,
  "summary_fg_median": 832.46630859375,
  "summary_fg_n": 50687.0,
  "summary_fg_p05": 492.37640380859375,
  "summary_fg_p95": 1137.07861328125,
  "summary_fg_stdv": 192.46258987980266,
  "tsnr": 65.75666777417064
}