{
  "aor": 0.001429389671361502,
  "aqi": 0.006905333615023474,
  "bids_meta": {
    "dataset": "ds001246",
    "modality": "bold",
    "run_id": 7,
    "session_id": "imageryTest01",
    "subject_id": "02",
    "task_id": "imagery"
  },
  "dummy_trs": 0,
  "dvars_nstd": 27.63977304514149,
  "dvars_std": 1.1887981775943395,
  "dvars_vstd": 1.0268753959433963,
  "efc": 0.564319127867985,
  "fber": 517.9384765625,
  "fd_mean": 0.11022227933900063,
  "fd_num": 19,
  "fd_perc": 8.92018779342723,
  "fwhm_avg": 1.9022700000000003,
  "fwhm_x": 1.8081800000000001,
  "fwhm_y": 1.9747566666666667,
  "fwhm_z": 1.9238733333333335,
  "gcor": 0.0777229,
  "gsr_x": 0.0162750743329525,
  "gsr_y": 0.02793288789689541,
  "provenance": {
    "md5sum": "6f1ffd3b2c2141f1a982ec95a50bf8b9",
    "settings": {
      "fd_thres": 0.2,
      "testing": false
    },
    "software": "mriqc",
    "version": "23.1.0"
  },
  "size_t": 213,
  "size_x": 64,
  "size_y": 64,
  "size_z": 50,
  "snr": 4.092553556430859,
  "spacing_tr": 3.0,
  "spacing_x": 3.0,
  "spacing_y": 3.0,
  "spacing_z": 3.0,
  "summary_bg_k": 25.409299115153928,
  "summary_bg_mad": 18.201902414350652,
  "summary_bg_mean": 76.27244495992261,
  "summary_bg_median": 38.356807708740234,
  "summary_bg_n": 155239.0,
  "summary_bg_p05": 23.572771072387695,
  "summary_bg_p95": 291.12677001953125,
  "summary_bg_stdv": 100.39755749611582,
  "summary_fg_k": 1.6627230554072971,
  "summary_fg_mad": 169.8310706322064,
  "summary_fg_mean": 888.6204563495335,
  "summary_fg_median": 872.9342651367188,
  "summary_fg_n": 49561.0,
  "summary_fg_p05": 554.1925048828125,
  "summary_fg_p95": 1269.1925048828125,
  "summary_fg_stdv": 213.29603788701715,
  "tsnr": 56.833920016884804
}