{
  "aor": 0.0010416901408450705,
  "aqi": 0.006290134507042254,
  "bids_meta": {
    "dataset": "ds001246",
    "modality": "bold",
    "run_id": 2,
    "session_id": "imageryTest01",
    "subject_id": "02",
    "task_id": "imagery"
  },
  "dummy_trs": 0,
  "dvars_nstd": 26.561956666556608,
  "dvars_std": 1.16344603231132,
  "dvars_vstd": 1.0072258078773584,
  "efc": 0.5623949211659239,
  "fber": 539.1477661132812,
  "fd_mean": 0.0979256746554918,
  "fd_num": 16,
  "fd_perc": 7.511737089201878,
  "fwhm_avg": 1.8981022222222224,
  "fwhm_x": 1.80109,
  "fwhm_y": 1.9693399999999999,
  "fwhm_z": 1.9238766666666667,
  "gcor": 0.0965304,
  "gsr_x": 0.013252733275294304,
  "gsr_y": 0.027869032695889473,
  "provenance": {
    "md5sum": "f4bcfe6d670165177d8c27a0d6f89ca5",
    "settings": {
      "fd_thres": 0.2,
      "testing": false
    },
    "software": "mriqc",
    "version": "23.1.0"
  },
  "size_t": 213,
  "size_x": 64,
  "size_y": 64,
  "size_z": 50,
  "snr": 4.075887310416232,
  "spacing_tr": 3.0,
  "spacing_x": 3.0,
  "spacing_y": 3.0,
  "spacing_z": 3.0,
  "summary_bg_k": 27.532731803842097,
  "summary_bg_mad": 17.27962524465031,
  "summary_bg_mean": 75.82649184643323,
  "summary_bg_median": 37.955400466918945,
  "summary_bg_n": 155198.0,
  "summary_bg_p05": 24.94835662841797,
  "summary_bg_p95": 291.225341796875,
  "summary_bg_stdv": 101.00054104434501,
  "summary_fg_k": 1.6713706199660443,
  "summary_fg_mad": 171.56075813865326,
  "summary_fg_mean": 898.1075080929877,
  "summary_fg_median": 881.3075256347656,
  "summary_fg_n": 49602.0,
  "summary_fg_p05": 559.3521118164062,
  "summary_fg_p95": 1286.1971435546875,
  "summary_fg_stdv": 216.22252400048924,
  "tsnr": 60.04355611279607
}