{
  "aor": 0.0005497191011235954,
  "aqi": 0.00501226488764045,
  "bids_meta": {
    "dataset": "ds001246",
    "modality": "bold",
    "run_id": 3,
    "session_id": "perceptionTest05",
    "subject_id": "05",
    "task_id": "perception"
  },
  "dummy_trs": 0,
  "dvars_nstd": 22.583835106101688,
  "dvars_std": 1.08815674,
  "dvars_vstd": 1.0081318059322033,
  "efc": 0.5604436738479127,
  "fber": 547.5524291992188,
  "fd_mean": 0.051732796377949475,
  "fd_num": 1,
  "fd_perc": 0.5617977528089888,
  "fwhm_avg": 1.8627355088973967,
  "fwhm_x": 1.7612865266921895,
  "fwhm_y": 1.9595799999999999,
  "fwhm_z": 1.8673400000000002,
  "gcor": 0.027406,
  "gsr_x": 0.003862525336444378,
  "gsr_y": 0.033746786415576935,
  "provenance": {
    "md5sum": "ccc77f6c9c537c9a558c74d65dacb07e",
    "settings": {
      "fd_thres": 0.2,
      "testing": false
    },
    "software": "mriqc",
    "version": "23.1.0"
  },
  "size_t": 178,
  "size_x": 64,
  "size_y": 64,
  "size_z": 50,
  "snr": 4.145191260112444,
  "spacing_tr": 3.0,
  "spacing_x": 3.000000238418579,
  "spacing_y": 3.0,
  "spacing_z": 3.0,
  "summary_bg_k": 15.309978796177749,
  "summary_bg_mad": 15.02592497403532,
  "summary_bg_mean": 65.53410441674582,
  "summary_bg_median": 34.80337142944336,
  "summary_bg_n": 154839.0,
  "summary_bg_p05": 23.45505714416504,
  "summary_bg_p95": 228.16854858398438,
  "summary_bg_stdv": 77.53472838724996,
  "summary_fg_k": 1.313253080399444,
  "summary_fg_mad": 156.73107107384567,
  "summary_fg_mean": 824.7029350884446,
  "summary_fg_median": 814.3932495117188,
  "summary_fg_n": 49961.0,
  "summary_fg_p05": 500.2191162109375,
  "summary_fg_p95": 1168.438232421875,
  "summary_fg_stdv": 196.46502370535313,
  "tsnr": 65.23564185015857
}