{
  "aor": 0.0003389150943396226,
  "aqi": 0.006437462924528302,
  "bids_meta": {
    "dataset": "ds001246",
    "modality": "bold",
    "run_id": 4,
    "session_id": "imageryTest02",
    "subject_id": "03",
    "task_id": "imagery"
  },
  "dummy_trs": 1,
  "dvars_nstd": 24.622557499999985,
  "dvars_std": 1.1123983299526063,
  "dvars_vstd": 0.9930722830805695,
  "efc": 0.5727372730318858,
  "fber": 490.52008056640625,
  "fd_mean": 0.08820119280046701,
  "fd_num": 2,
  "fd_perc": 0.9433962264150944,
  "fwhm_avg": 1.949181111111111,
  "fwhm_x": 1.8244300000000002,
  "fwhm_y": 2.05203,
  "fwhm_z": 1.9710833333333333,
  "gcor": 0.0406847,
  "gsr_x": -0.007917417213320732,
  "gsr_y": 0.04362208768725395,
  "provenance": {
    "md5sum": "b16865207871c8917dc06848bf501319",
    "settings": {
      "fd_thres": 0.2,
      "testing": false
    },
    "software": "mriqc",
    "version": "23.1.0"
  },
  "size_t": 212,
  "size_x": 64,
  "size_y": 64,
  "size_z": 50,
  "snr": 3.974464483890669,
  "spacing_tr": 3.0,
  "spacing_x": 3.0,
  "spacing_y": 3.0,
  "spacing_z": 3.0,
  "summary_bg_k": 24.05713149442746,
  "summary_bg_mad": 17.4345625606902,
  "summary_bg_mean": 76.54217843156401,
  "summary_bg_median": 37.52830123901367,
  "summary_bg_n": 154142.0,
  "summary_bg_p05": 24.754716873168945,
  "summary_bg_p95": 272.2217102050781,
  "summary_bg_stdv": 98.03176438196459,
  "summary_fg_k": 1.4431242804062698,
  "summary_fg_mad": 175.56945790541894,
  "summary_fg_mean": 848.7681755226464,
  "summary_fg_median": 831.1651000976562,
  "summary_fg_n": 50658.0,
  "summary_fg_p05": 521.806640625,
  "summary_fg_p95": 1214.4056396484375,
  "summary_fg_stdv": 209.1242479925502,
  "tsnr": 63.753687219461426
}