{
  "aor": 0.0010149438202247188,
  "aqi": 0.005702819606741572,
  "bids_meta": {
    "dataset": "ds001246",
    "modality": "bold",
    "run_id": 8,
    "session_id": "perceptionTraining01",
    "subject_id": "05",
    "task_id": "perception"
  },
  "dummy_trs": 0,
  "dvars_nstd": 23.64181405355932,
  "dvars_std": 1.1243653452542377,
  "dvars_vstd": 1.0165682444632769,
  "efc": 0.56090812840801,
  "fber": 536.7285766601562,
  "fd_mean": 0.09468231231833951,
  "fd_num": 14,
  "fd_perc": 7.865168539325842,
  "fwhm_avg": 1.9091544444444442,
  "fwhm_x": 1.8024666666666667,
  "fwhm_y": 1.9931733333333332,
  "fwhm_z": 1.9318233333333332,
  "gcor": 0.022577,
  "gsr_x": -2.0502535335253924e-05,
  "gsr_y": 0.033561982214450836,
  "provenance": {
    "md5sum": "2e456a493601224d7b6867c86dcc0552",
    "settings": {
      "fd_thres": 0.2,
      "testing": false
    },
    "software": "mriqc",
    "version": "23.1.0"
  },
  "size_t": 178,
  "size_x": 64,
  "size_y": 64,
  "size_z": 50,
  "snr": 4.149416877088738,
  "spacing_tr": 3.0,
  "spacing_x": 3.0,
  "spacing_y": 3.0,
  "spacing_z": 3.0,
  "summary_bg_k": 20.041846583089274,
  "summary_bg_mad": 16.491865563300056,
  "summary_bg_mean": 67.40645285861609,
  "summary_bg_median": 35.674156188964844,
  "summary_bg_n": 154835.0,
  "summary_bg_p05": 22.9887638092041,
  "summary_bg_p95": 235.8876495361328,
  "summary_bg_stdv": 82.07273748078613,
  "summary_fg_k": 1.2411558969573147,
  "summary_fg_mad": 162.57813786759198,
  "summary_fg_mean": 841.1175764036336,
  "summary_fg_median": 826.4775390625,
  "summary_fg_n": 49965.0,
  "summary_fg_p05": 520.7696533203125,
  "summary_fg_p95": 1191.0,
  "summary_fg_stdv": 199.1772080119819,
  "tsnr": 62.60309698758647
}