{
  "aor": 0.0012513483146067415,
  "aqi": 0.00765263393258427,
  "bids_meta": {
    "dataset": "ds001246",
    "modality": "bold",
    "run_id": 3,
    "session_id": "perceptionTraining01",
    "subject_id": "05",
    "task_id": "perception"
  },
  "dummy_trs": 0,
  "dvars_nstd": 22.83131331073447,
  "dvars_std": 1.0979002559887003,
  "dvars_vstd": 0.992415792881356,
  "efc": 0.5583201694250313,
  "fber": 556.8567504882812,
  "fd_mean": 0.06267978317127579,
  "fd_num": 0,
  "fd_perc": 0.0,
  "fwhm_avg": 1.9072188888888888,
  "fwhm_x": 1.81336,
  "fwhm_y": 1.97806,
  "fwhm_z": 1.9302366666666666,
  "gcor": 0.0253046,
  "gsr_x": 0.0003157051687594503,
  "gsr_y": 0.0348864383995533,
  "provenance": {
    "md5sum": "aa2de5e0a9a0db9e0a9c17ae19d8d3aa",
    "settings": {
      "fd_thres": 0.2,
      "testing": false
    },
    "software": "mriqc",
    "version": "23.1.0"
  },
  "size_t": 178,
  "size_x": 64,
  "size_y": 64,
  "size_z": 50,
  "snr": 4.18195809125095,
  "spacing_tr": 3.0,
  "spacing_x": 3.0,
  "spacing_y": 3.0,
  "spacing_z": 3.0,
  "summary_bg_k": 21.36062839004332,
  "summary_bg_mad": 16.458550788336268,
  "summary_bg_mean": 65.854070740169,
  "summary_bg_median": 34.921348571777344,
  "summary_bg_n": 154947.0,
  "summary_bg_p05": 20.337078094482422,
  "summary_bg_p95": 231.11798095703125,
  "summary_bg_stdv": 81.61710017387595,
  "summary_fg_k": 1.1919340870867208,
  "summary_fg_mad": 161.05390985437737,
  "summary_fg_mean": 838.1039437820705,
  "summary_fg_median": 824.0674438476562,
  "summary_fg_n": 49853.0,
  "summary_fg_p05": 518.03369140625,
  "summary_fg_p95": 1184.98876953125,
  "summary_fg_stdv": 197.05103706246078,
  "tsnr": 57.18901219544932
}