{
  "aor": 0.0013910674157303373,
  "aqi": 0.00632707713483146,
  "bids_meta": {
    "dataset": "ds001246",
    "modality": "bold",
    "run_id": 4,
    "session_id": "perceptionTraining01",
    "subject_id": "05",
    "task_id": "perception"
  },
  "dummy_trs": 0,
  "dvars_nstd": 23.176332322994337,
  "dvars_std": 1.1246811290395475,
  "dvars_vstd": 1.0157195620338983,
  "efc": 0.559095348452915,
  "fber": 555.9483642578125,
  "fd_mean": 0.06526715003755171,
  "fd_num": 4,
  "fd_perc": 2.247191011235955,
  "fwhm_avg": 1.9108033333333332,
  "fwhm_x": 1.8098033333333332,
  "fwhm_y": 1.9958799999999999,
  "fwhm_z": 1.9267266666666665,
  "gcor": 0.0287762,
  "gsr_x": 0.0005483494605869055,
  "gsr_y": 0.0350564606487751,
  "provenance": {
    "md5sum": "bb8b30fb6d78acd3971d284a46ea4260",
    "settings": {
      "fd_thres": 0.2,
      "testing": false
    },
    "software": "mriqc",
    "version": "23.1.0"
  },
  "size_t": 178,
  "size_x": 64,
  "size_y": 64,
  "size_z": 50,
  "snr": 4.140050710379855,
  "spacing_tr": 3.0,
  "spacing_x": 3.0,
  "spacing_y": 3.0,
  "spacing_z": 3.0,
  "summary_bg_k": 21.533642168020492,
  "summary_bg_mad": 15.975454031209225,
  "summary_bg_mean": 65.99076452367596,
  "summary_bg_median": 34.89887619018555,
  "summary_bg_n": 154785.0,
  "summary_bg_p05": 21.808988571166992,
  "summary_bg_p95": 230.31460571289062,
  "summary_bg_stdv": 81.44354174624424,
  "summary_fg_k": 1.1826115035105875,
  "summary_fg_mad": 162.36991840318882,
  "summary_fg_mean": 836.0770231268494,
  "summary_fg_median": 822.8651733398438,
  "summary_fg_n": 50015.0,
  "summary_fg_p05": 512.039306640625,
  "summary_fg_p95": 1185.8258056640625,
  "summary_fg_stdv": 198.75528216400718,
  "tsnr": 61.21767418575473
}