{
  "aor": 0.0016084831460674157,
  "aqi": 0.006785275056179774,
  "bids_meta": {
    "dataset": "ds001246",
    "modality": "bold",
    "run_id": 4,
    "session_id": "perceptionTest04",
    "subject_id": "02",
    "task_id": "perception"
  },
  "dummy_trs": 0,
  "dvars_nstd": 28.60167046457625,
  "dvars_std": 1.1759801905649716,
  "dvars_vstd": 1.0245199289265536,
  "efc": 0.5753343190734057,
  "fber": 421.0295715332031,
  "fd_mean": 0.11213576311299184,
  "fd_num": 18,
  "fd_perc": 10.112359550561798,
  "fwhm_avg": 1.899281111111111,
  "fwhm_x": 1.7989033333333333,
  "fwhm_y": 1.9908233333333334,
  "fwhm_z": 1.9081166666666667,
  "gcor": 0.0430948,
  "gsr_x": 0.01843865215778351,
  "gsr_y": 0.019941993057727814,
  "provenance": {
    "md5sum": "13896a7f55d412e7d2c4c902b639e1a9",
    "settings": {
      "fd_thres": 0.2,
      "testing": false
    },
    "software": "mriqc",
    "version": "23.1.0"
  },
  "size_t": 178,
  "size_x": 64,
  "size_y": 64,
  "size_z": 50,
  "snr": 4.055486494032549,
  "spacing_tr": 3.0,
  "spacing_x": 3.0,
  "spacing_y": 3.0,
  "spacing_z": 3.0,
  "summary_bg_k": 19.454057256201324,
  "summary_bg_mad": 20.65648390634775,
  "summary_bg_mean": 83.20019846090372,
  "summary_bg_median": 42.2696647644043,
  "summary_bg_n": 155408.0,
  "summary_bg_p05": 26.808988571166992,
  "summary_bg_p95": 308.5505676269531,
  "summary_bg_stdv": 104.44191852418096,
  "summary_fg_k": 1.531325890650268,
  "summary_fg_mad": 169.68298234298618,
  "summary_fg_mean": 878.9482663774861,
  "summary_fg_median": 867.3314819335938,
  "summary_fg_n": 49392.0,
  "summary_fg_p05": 532.955078125,
  "summary_fg_p95": 1256.07861328125,
  "summary_fg_stdv": 213.86403408931977,
  "tsnr": 56.1683824879583
}