{
  "aor": 0.000706431924882629,
  "aqi": 0.0061419022065727705,
  "bids_meta": {
    "dataset": "ds001246",
    "modality": "bold",
    "run_id": 4,
    "session_id": "imageryTest03",
    "subject_id": "05",
    "task_id": "imagery"
  },
  "dummy_trs": 0,
  "dvars_nstd": 23.294777050990565,
  "dvars_std": 1.081090476792453,
  "dvars_vstd": 0.9963312707075475,
  "efc": 0.5595166174289743,
  "fber": 528.5682983398438,
  "fd_mean": 0.07430738767757165,
  "fd_num": 6,
  "fd_perc": 2.816901408450704,
  "fwhm_avg": 1.875737777777778,
  "fwhm_x": 1.7790766666666666,
  "fwhm_y": 1.9627666666666668,
  "fwhm_z": 1.88537,
  "gcor": 0.0416909,
  "gsr_x": 0.0022846711799502373,
  "gsr_y": 0.03341381996870041,
  "provenance": {
    "md5sum": "cdb8984037fed92079d403696de6d134",
    "settings": {
      "fd_thres": 0.2,
      "testing": false
    },
    "software": "mriqc",
    "version": "23.1.0"
  },
  "size_t": 213,
  "size_x": 64,
  "size_y": 64,
  "size_z": 50,
  "snr": 4.067843744367093,
  "spacing_tr": 3.0,
  "spacing_x": 3.0,
  "spacing_y": 3.0,
  "spacing_z": 3.0,
  "summary_bg_k": 20.924567241413687,
  "summary_bg_mad": 14.812103559950192,
  "summary_bg_mean": 63.1954647677244,
  "summary_bg_median": 34.00939178466797,
  "summary_bg_n": 155041.0,
  "summary_bg_p05": 22.544601440429688,
  "summary_bg_p95": 214.8122100830078,
  "summary_bg_stdv": 74.8115997680684,
  "summary_fg_k": 1.1691006689016934,
  "summary_fg_mad": 157.4551789200665,
  "summary_fg_mean": 795.3331934912545,
  "summary_fg_median": 781.896728515625,
  "summary_fg_n": 49759.0,
  "summary_fg_p05": 481.7417907714844,
  "summary_fg_p95": 1136.1690673828125,
  "summary_fg_stdv": 192.21212041923252,
  "tsnr": 62.562632826156914
}