{
  "aor": 0.0006733962264150943,
  "aqi": 0.007198227830188679,
  "bids_meta": {
    "dataset": "ds001246",
    "modality": "bold",
    "run_id": 1,
    "session_id": "imageryTest03",
    "subject_id": "05",
    "task_id": "imagery"
  },
  "dummy_trs": 1,
  "dvars_nstd": 22.3155676400474,
  "dvars_std": 1.05405399492891,
  "dvars_vstd": 0.9839076565876781,
  "efc": 0.5561414809718827,
  "fber": 550.03662109375,
  "fd_mean": 0.04673037420085002,
  "fd_num": 0,
  "fd_perc": 0.0,
  "fwhm_avg": 1.8774933333333335,
  "fwhm_x": 1.7863966666666666,
  "fwhm_y": 1.95442,
  "fwhm_z": 1.8916633333333335,
  "gcor": 0.0307668,
  "gsr_x": 0.0009114795830100775,
  "gsr_y": 0.03443693369626999,
  "provenance": {
    "md5sum": "2d5a4689b671d78b96e6b731b63ea28d",
    "settings": {
      "fd_thres": 0.2,
      "testing": false
    },
    "software": "mriqc",
    "version": "23.1.0"
  },
  "size_t": 212,
  "size_x": 64,
  "size_y": 64,
  "size_z": 50,
  "snr": 4.087751174198331,
  "spacing_tr": 3.0,
  "spacing_x": 3.0,
  "spacing_y": 3.0,
  "spacing_z": 3.0,
  "summary_bg_k": 23.621059011254616,
  "summary_bg_mad": 14.252561822635041,
  "summary_bg_mean": 61.095265991172035,
  "summary_bg_median": 33.1698112487793,
  "summary_bg_n": 155180.0,
  "summary_bg_p05": 21.080188751220703,
  "summary_bg_p95": 207.70047760009766,
  "summary_bg_stdv": 73.26350677288923,
  "summary_fg_k": 1.1334515198620263,
  "summary_fg_mad": 155.7466662744064,
  "summary_fg_mean": 790.4748855515713,
  "summary_fg_median": 777.9269104003906,
  "summary_fg_n": 49620.0,
  "summary_fg_p05": 479.1886901855469,
  "summary_fg_p95": 1124.0518798828125,
  "summary_fg_stdv": 190.3048983085759,
  "tsnr": 59.82264088676311
}