{
  "aor": 0.0004741784037558686,
  "aqi": 0.005479390610328638,
  "bids_meta": {
    "dataset": "ds001246",
    "modality": "bold",
    "run_id": 3,
    "session_id": "imageryTest03",
    "subject_id": "05",
    "task_id": "imagery"
  },
  "dummy_trs": 0,
  "dvars_nstd": 22.882133115047157,
  "dvars_std": 1.0885699447641508,
  "dvars_vstd": 1.000342075235849,
  "efc": 0.5589123280359862,
  "fber": 536.2194213867188,
  "fd_mean": 0.0526599926574976,
  "fd_num": 0,
  "fd_perc": 0.0,
  "fwhm_avg": 1.8707822222222221,
  "fwhm_x": 1.7773899999999998,
  "fwhm_y": 1.9614233333333333,
  "fwhm_z": 1.8735333333333333,
  "gcor": 0.041249,
  "gsr_x": 0.0015697930939495564,
  "gsr_y": 0.03363543003797531,
  "provenance": {
    "md5sum": "3f3b300e308b9929d708f141b3a17640",
    "settings": {
      "fd_thres": 0.2,
      "testing": false
    },
    "software": "mriqc",
    "version": "23.1.0"
  },
  "size_t": 213,
  "size_x": 64,
  "size_y": 64,
  "size_z": 50,
  "snr": 4.071341657167495,
  "spacing_tr": 3.0,
  "spacing_x": 3.0,
  "spacing_y": 3.0,
  "spacing_z": 3.0,
  "summary_bg_k": 22.951166519747353,
  "summary_bg_mad": 14.45363250925122,
  "summary_bg_mean": 63.08496041365463,
  "summary_bg_median": 33.84272384643555,
  "summary_bg_n": 155070.0,
  "summary_bg_p05": 23.192487716674805,
  "summary_bg_p95": 214.83567810058594,
  "summary_bg_stdv": 75.29117418522854,
  "summary_fg_k": 1.1833891470914084,
  "summary_fg_mad": 156.78694917869962,
  "summary_fg_mean": 797.0776740668838,
  "summary_fg_median": 783.6760864257812,
  "summary_fg_n": 49730.0,
  "summary_fg_p05": 484.2159729003906,
  "summary_fg_p95": 1138.3380126953125,
  "summary_fg_stdv": 192.48401953626478,
  "tsnr": 67.43269662896637
}