{
  "aor": 0.0016910112359550561,
  "aqi": 0.007366732078651686,
  "bids_meta": {
    "dataset": "ds001246",
    "modality": "bold",
    "run_id": 6,
    "session_id": "perceptionTraining01",
    "subject_id": "02",
    "task_id": "perception"
  },
  "dummy_trs": 0,
  "dvars_nstd": 29.566325171468947,
  "dvars_std": 1.1796836387005654,
  "dvars_vstd": 1.0171314621468925,
  "efc": 0.5726257139491158,
  "fber": 443.3941955566406,
  "fd_mean": 0.14820848338725975,
  "fd_num": 35,
  "fd_perc": 19.662921348314608,
  "fwhm_avg": 1.9025733333333334,
  "fwhm_x": 1.8123266666666666,
  "fwhm_y": 2.0009200000000003,
  "fwhm_z": 1.8944733333333332,
  "gcor": 0.0411659,
  "gsr_x": 0.01577533595263958,
  "gsr_y": 0.02478322759270668,
  "provenance": {
    "md5sum": "0b0b41e0737ba2cce80df988907974a1",
    "settings": {
      "fd_thres": 0.2,
      "testing": false
    },
    "software": "mriqc",
    "version": "23.1.0"
  },
  "size_t": 178,
  "size_x": 64,
  "size_y": 64,
  "size_z": 50,
  "snr": 4.11731804162859,
  "spacing_tr": 3.0,
  "spacing_x": 3.0,
  "spacing_y": 3.0,
  "spacing_z": 3.0,
  "summary_bg_k": 21.316719337418796,
  "summary_bg_mad": 20.006799135205192,
  "summary_bg_mean": 80.6043128229562,
  "summary_bg_median": 40.955055236816406,
  "summary_bg_n": 155354.0,
  "summary_bg_p05": 25.84831428527832,
  "summary_bg_p95": 302.8370666503906,
  "summary_bg_stdv": 102.264921503932,
  "summary_fg_k": 1.5349014733219448,
  "summary_fg_mad": 167.03010710257968,
  "summary_fg_mean": 875.6027161806469,
  "summary_fg_median": 862.3876342773438,
  "summary_fg_n": 49446.0,
  "summary_fg_p05": 539.4775390625,
  "summary_fg_p95": 1246.028076171875,
  "summary_fg_stdv": 209.4516151083302,
  "tsnr": 55.30305322771892
}