{
  "aor": 0.0013352247191011236,
  "aqi": 0.007372972640449438,
  "bids_meta": {
    "dataset": "ds001246",
    "modality": "bold",
    "run_id": 4,
    "session_id": "perceptionTraining01",
    "subject_id": "02",
    "task_id": "perception"
  },
  "dummy_trs": 0,
  "dvars_nstd": 29.940085114802255,
  "dvars_std": 1.186414153050847,
  "dvars_vstd": 1.0174583426553674,
  "efc": 0.5727310532490979,
  "fber": 439.9615173339844,
  "fd_mean": 0.17513832325368547,
  "fd_num": 53,
  "fd_perc": 29.775280898876403,
  "fwhm_avg": 1.9080700000000002,
  "fwhm_x": 1.8152766666666666,
  "fwhm_y": 2.0057233333333335,
  "fwhm_z": 1.9032099999999998,
  "gcor": 0.0485104,
  "gsr_x": 0.014806265942752361,
  "gsr_y": 0.024103621020913124,
  "provenance": {
    "md5sum": "23f45bbb4729db3d215178e5a213a1e9",
    "settings": {
      "fd_thres": 0.2,
      "testing": false
    },
    "software": "mriqc",
    "version": "23.1.0"
  },
  "size_t": 178,
  "size_x": 64,
  "size_y": 64,
  "size_z": 50,
  "snr": 4.087416514784583,
  "spacing_tr": 3.0,
  "spacing_x": 3.0,
  "spacing_y": 3.0,
  "spacing_z": 3.0,
  "summary_bg_k": 21.655850575164553,
  "summary_bg_mad": 20.60651032998241,
  "summary_bg_mean": 81.06439677415351,
  "summary_bg_median": 41.21348190307617,
  "summary_bg_n": 155242.0,
  "summary_bg_p05": 25.297752380371094,
  "summary_bg_p95": 305.1629333496094,
  "summary_bg_stdv": 103.53933612494632,
  "summary_fg_k": 1.5388947295373239,
  "summary_fg_mad": 169.12492522131112,
  "summary_fg_mean": 879.0647650103317,
  "summary_fg_median": 864.4635009765625,
  "summary_fg_n": 49558.0,
  "summary_fg_p05": 541.5,
  "summary_fg_p95": 1253.949462890625,
  "summary_fg_stdv": 211.49172737121333,
  "tsnr": 55.0398990965914
}