{
  "aor": 0.002091348314606742,
  "aqi": 0.008732276629213482,
  "bids_meta": {
    "dataset": "ds001246",
    "modality": "bold",
    "run_id": 8,
    "session_id": "perceptionTraining01",
    "subject_id": "02",
    "task_id": "perception"
  },
  "dummy_trs": 0,
  "dvars_nstd": 29.955439055762703,
  "dvars_std": 1.1711191707344626,
  "dvars_vstd": 1.0179136817514127,
  "efc": 0.5722712745540752,
  "fber": 449.4235534667969,
  "fd_mean": 0.156578014544448,
  "fd_num": 40,
  "fd_perc": 22.471910112359552,
  "fwhm_avg": 1.88684,
  "fwhm_x": 1.7894633333333332,
  "fwhm_y": 1.9835866666666666,
  "fwhm_z": 1.8874700000000002,
  "gcor": 0.0483003,
  "gsr_x": 0.017908461391925812,
  "gsr_y": 0.025080373510718346,
  "provenance": {
    "md5sum": "2b9e779980da598ca3780adb576f3025",
    "settings": {
      "fd_thres": 0.2,
      "testing": false
    },
    "software": "mriqc",
    "version": "23.1.0"
  },
  "size_t": 178,
  "size_x": 64,
  "size_y": 64,
  "size_z": 50,
  "snr": 4.167894951143978,
  "spacing_tr": 3.0,
  "spacing_x": 3.0,
  "spacing_y": 3.0,
  "spacing_z": 3.0,
  "summary_bg_k": 21.855890532486836,
  "summary_bg_mad": 19.606996385085907,
  "summary_bg_mean": 80.04357574917799,
  "summary_bg_median": 40.5,
  "summary_bg_n": 155427.0,
  "summary_bg_p05": 26.061798095703125,
  "summary_bg_p95": 299.3033752441406,
  "summary_bg_stdv": 102.32810814308073,
  "summary_fg_k": 1.5274622825872441,
  "summary_fg_mad": 164.87705811668468,
  "summary_fg_mean": 871.6504774065234,
  "summary_fg_median": 858.5842895507812,
  "summary_fg_n": 49373.0,
  "summary_fg_p05": 542.1179809570312,
  "summary_fg_p95": 1235.6854248046875,
  "summary_fg_stdv": 205.99741708807926,
  "tsnr": 51.83563004434109
}