{
  "aor": 0.001494494382022472,
  "aqi": 0.00790223702247191,
  "bids_meta": {
    "dataset": "ds001246",
    "modality": "bold",
    "run_id": 10,
    "session_id": "perceptionTraining01",
    "subject_id": "02",
    "task_id": "perception"
  },
  "dummy_trs": 0,
  "dvars_nstd": 29.474426301807913,
  "dvars_std": 1.1610500955367233,
  "dvars_vstd": 1.0145029873446332,
  "efc": 0.5727692100725839,
  "fber": 446.8240051269531,
  "fd_mean": 0.1569429879782796,
  "fd_num": 45,
  "fd_perc": 25.280898876404493,
  "fwhm_avg": 1.8925155555555555,
  "fwhm_x": 1.7966433333333331,
  "fwhm_y": 1.9788533333333334,
  "fwhm_z": 1.90205,
  "gcor": 0.0427267,
  "gsr_x": 0.019141074270009995,
  "gsr_y": 0.02493865042924881,
  "provenance": {
    "md5sum": "04c0485515ecbd9ba6c06a3edbbec953",
    "settings": {
      "fd_thres": 0.2,
      "testing": false
    },
    "software": "mriqc",
    "version": "23.1.0"
  },
  "size_t": 178,
  "size_x": 64,
  "size_y": 64,
  "size_z": 50,
  "snr": 4.164743743763598,
  "spacing_tr": 3.0,
  "spacing_x": 3.0,
  "spacing_y": 3.0,
  "spacing_z": 3.0,
  "summary_bg_k": 21.064082500621392,
  "summary_bg_mad": 19.65697278929056,
  "summary_bg_mean": 80.40540630380204,
  "summary_bg_median": 40.60674285888672,
  "summary_bg_n": 155419.0,
  "summary_bg_p05": 26.252809524536133,
  "summary_bg_p95": 303.2135009765625,
  "summary_bg_stdv": 102.81945972857577,
  "summary_fg_k": 1.4853471015606292,
  "summary_fg_mad": 164.4771790149039,
  "summary_fg_mean": 871.2913923602872,
  "summary_fg_median": 858.3539428710938,
  "summary_fg_n": 49381.0,
  "summary_fg_p05": 541.5618286132812,
  "summary_fg_p95": 1236.55615234375,
  "summary_fg_stdv": 206.09797492984157,
  "tsnr": 54.88319135969505
}