{
  "aor": 0.0005346629213483147,
  "aqi": 0.0052633778089887645,
  "bids_meta": {
    "dataset": "ds001246",
    "modality": "bold",
    "run_id": 5,
    "session_id": "perceptionTest02",
    "subject_id": "03",
    "task_id": "perception"
  },
  "dummy_trs": 0,
  "dvars_nstd": 22.88992443220339,
  "dvars_std": 1.097330142259887,
  "dvars_vstd": 1.0024754701694911,
  "efc": 0.5764735980100217,
  "fber": 489.774169921875,
  "fd_mean": 0.05130631442925349,
  "fd_num": 2,
  "fd_perc": 1.1235955056179776,
  "fwhm_avg": 1.9068722222222225,
  "fwhm_x": 1.7913433333333335,
  "fwhm_y": 2.0172966666666667,
  "fwhm_z": 1.9119766666666667,
  "gcor": 0.0318187,
  "gsr_x": -0.005807851441204548,
  "gsr_y": 0.043048545718193054,
  "provenance": {
    "md5sum": "81ef42521a4bb35eeda5e2d90e804453",
    "settings": {
      "fd_thres": 0.2,
      "testing": false
    },
    "software": "mriqc",
    "version": "23.1.0"
  },
  "size_t": 178,
  "size_x": 64,
  "size_y": 64,
  "size_z": 50,
  "snr": 4.084256624472263,
  "spacing_tr": 3.0,
  "spacing_x": 3.0,
  "spacing_y": 3.0,
  "spacing_z": 3.0,
  "summary_bg_k": 20.084486309014597,
  "summary_bg_mad": 16.82503593565245,
  "summary_bg_mean": 74.2000474977798,
  "summary_bg_median": 36.30337142944336,
  "summary_bg_n": 153476.0,
  "summary_bg_p05": 23.66853904724121,
  "summary_bg_p95": 268.46630859375,
  "summary_bg_stdv": 93.28556284279142,
  "summary_fg_k": 1.526952149051155,
  "summary_fg_mad": 163.3277641357866,
  "summary_fg_mean": 817.5147763591481,
  "summary_fg_median": 803.4241943359375,
  "summary_fg_n": 51324.0,
  "summary_fg_p05": 505.12359619140625,
  "summary_fg_p95": 1157.1405029296875,
  "summary_fg_stdv": 196.71055009140144,
  "tsnr": 61.156998151913285
}