{
  "aor": 0.0014741573033707864,
  "aqi": 0.007527591067415731,
  "bids_meta": {
    "dataset": "ds001246",
    "modality": "bold",
    "run_id": 9,
    "session_id": "perceptionTraining01",
    "subject_id": "02",
    "task_id": "perception"
  },
  "dummy_trs": 0,
  "dvars_nstd": 30.490733884915258,
  "dvars_std": 1.192909661242937,
  "dvars_vstd": 1.0288330374011299,
  "efc": 0.5727666515803732,
  "fber": 448.65814208984375,
  "fd_mean": 0.1713419605259881,
  "fd_num": 53,
  "fd_perc": 29.775280898876403,
  "fwhm_avg": 1.8851033333333334,
  "fwhm_x": 1.7905933333333335,
  "fwhm_y": 1.9772133333333333,
  "fwhm_z": 1.8875033333333333,
  "gcor": 0.0547768,
  "gsr_x": 0.01851368322968483,
  "gsr_y": 0.025940753519535065,
  "provenance": {
    "md5sum": "4fa974af75dce9b40971520f84742c5b",
    "settings": {
      "fd_thres": 0.2,
      "testing": false
    },
    "software": "mriqc",
    "version": "23.1.0"
  },
  "size_t": 178,
  "size_x": 64,
  "size_y": 64,
  "size_z": 50,
  "snr": 4.163117451310017,
  "spacing_tr": 3.0,
  "spacing_x": 3.0,
  "spacing_y": 3.0,
  "spacing_z": 3.0,
  "summary_bg_k": 22.036811350871968,
  "summary_bg_mad": 19.498718417734796,
  "summary_bg_mean": 80.28521386437949,
  "summary_bg_median": 40.44382095336914,
  "summary_bg_n": 155401.0,
  "summary_bg_p05": 26.12359619140625,
  "summary_bg_p95": 302.0449523925781,
  "summary_bg_stdv": 103.11148708633404,
  "summary_fg_k": 1.4751800107242374,
  "summary_fg_mad": 164.49391982364557,
  "summary_fg_mean": 869.3108555254694,
  "summary_fg_median": 856.6629028320312,
  "summary_fg_n": 49399.0,
  "summary_fg_p05": 538.050537109375,
  "summary_fg_p95": 1232.0224609375,
  "summary_fg_stdv": 205.77229490988935,
  "tsnr": 55.50033856299706
}