{
  "aor": 0.0025440449438202247,
  "aqi": 0.009006657471910111,
  "bids_meta": {
    "dataset": "ds001246",
    "modality": "bold",
    "run_id": 8,
    "session_id": "perceptionTraining02",
    "subject_id": "02",
    "task_id": "perception"
  },
  "dummy_trs": 0,
  "dvars_nstd": 30.243879264180798,
  "dvars_std": 1.1749676211299436,
  "dvars_vstd": 1.0351464579661012,
  "efc": 0.573577208379859,
  "fber": 427.51275634765625,
  "fd_mean": 0.17059761901813725,
  "fd_num": 44,
  "fd_perc": 24.719101123595507,
  "fwhm_avg": 1.9240411111111113,
  "fwhm_x": 1.8237133333333333,
  "fwhm_y": 2.0153866666666667,
  "fwhm_z": 1.9330233333333335,
  "gcor": 0.0498738,
  "gsr_x": 0.01995689980685711,
  "gsr_y": 0.024567656219005585,
  "provenance": {
    "md5sum": "1f0f01ad400ad8a9d817e456fdcc06af",
    "settings": {
      "fd_thres": 0.2,
      "testing": false
    },
    "software": "mriqc",
    "version": "23.1.0"
  },
  "size_t": 178,
  "size_x": 64,
  "size_y": 64,
  "size_z": 50,
  "snr": 4.1093008039299175,
  "spacing_tr": 3.0,
  "spacing_x": 3.0,
  "spacing_y": 3.0,
  "spacing_z": 3.0,
  "summary_bg_k": 20.2495902930716,
  "summary_bg_mad": 20.431591501346464,
  "summary_bg_mean": 80.35924907886995,
  "summary_bg_median": 41.2471923828125,
  "summary_bg_n": 155491.0,
  "summary_bg_p05": 25.904495239257812,
  "summary_bg_p95": 296.9213562011719,
  "summary_bg_stdv": 100.75855908322238,
  "summary_fg_k": 1.5482742618212413,
  "summary_fg_mad": 165.34344799914183,
  "summary_fg_mean": 864.2286047031981,
  "summary_fg_median": 852.8427124023438,
  "summary_fg_n": 49309.0,
  "summary_fg_p05": 530.8483276367188,
  "summary_fg_p95": 1228.01123046875,
  "summary_fg_stdv": 207.5375118806621,
  "tsnr": 50.830977014265954
}