{
  "aor": 0.00308247191011236,
  "aqi": 0.008352072752808987,
  "bids_meta": {
    "dataset": "ds001246",
    "modality": "bold",
    "run_id": 7,
    "session_id": "perceptionTraining02",
    "subject_id": "02",
    "task_id": "perception"
  },
  "dummy_trs": 0,
  "dvars_nstd": 28.397979186723184,
  "dvars_std": 1.1993993388135595,
  "dvars_vstd": 1.0498378696610173,
  "efc": 0.5730327347702779,
  "fber": 437.31964111328125,
  "fd_mean": 0.1314068805136594,
  "fd_num": 32,
  "fd_perc": 17.97752808988764,
  "fwhm_avg": 1.8929522222222221,
  "fwhm_x": 1.79937,
  "fwhm_y": 1.9866333333333335,
  "fwhm_z": 1.8928533333333333,
  "gcor": 0.03955,
  "gsr_x": 0.01970001868903637,
  "gsr_y": 0.024236546829342842,
  "provenance": {
    "md5sum": "a8e1e78983368263aa6c7dd12e3a1a24",
    "settings": {
      "fd_thres": 0.2,
      "testing": false
    },
    "software": "mriqc",
    "version": "23.1.0"
  },
  "size_t": 178,
  "size_x": 64,
  "size_y": 64,
  "size_z": 50,
  "snr": 4.103187517525184,
  "spacing_tr": 3.0,
  "spacing_x": 3.0,
  "spacing_y": 3.0,
  "spacing_z": 3.0,
  "summary_bg_k": 20.421806382696985,
  "summary_bg_mad": 20.135904139107385,
  "summary_bg_mean": 80.66194087625448,
  "summary_bg_median": 41.04213523864746,
  "summary_bg_n": 155428.0,
  "summary_bg_p05": 25.95505714416504,
  "summary_bg_p95": 299.7809143066406,
  "summary_bg_stdv": 101.8756267632439,
  "summary_fg_k": 1.6093928760867122,
  "summary_fg_mad": 167.13842465968122,
  "summary_fg_mean": 871.3073587327203,
  "summary_fg_median": 858.2808837890625,
  "summary_fg_n": 49372.0,
  "summary_fg_p05": 536.3034057617188,
  "summary_fg_p95": 1240.37646484375,
  "summary_fg_stdv": 209.17206150076308,
  "tsnr": 53.880760620115325
}