{
  "aor": 0.0009566509433962263,
  "aqi": 0.009848214858490566,
  "bids_meta": {
    "dataset": "ds001246",
    "modality": "bold",
    "run_id": 2,
    "session_id": "imageryTest01",
    "subject_id": "05",
    "task_id": "imagery"
  },
  "dummy_trs": 1,
  "dvars_nstd": 25.726998207061595,
  "dvars_std": 1.0951268409478674,
  "dvars_vstd": 0.9846133057819904,
  "efc": 0.5595810208535865,
  "fber": 535.25927734375,
  "fd_mean": 0.08692407773109263,
  "fd_num": 7,
  "fd_perc": 3.30188679245283,
  "fwhm_avg": 1.861951111111111,
  "fwhm_x": 1.7546233333333332,
  "fwhm_y": 1.9619799999999998,
  "fwhm_z": 1.86925,
  "gcor": 0.0383036,
  "gsr_x": 0.0015507228672504425,
  "gsr_y": 0.03348127752542496,
  "provenance": {
    "md5sum": "4b88dd8178a0989039d20c19824edd7c",
    "settings": {
      "fd_thres": 0.2,
      "testing": false
    },
    "software": "mriqc",
    "version": "23.1.0"
  },
  "size_t": 212,
  "size_x": 64,
  "size_y": 64,
  "size_z": 50,
  "snr": 4.06529439091923,
  "spacing_tr": 3.0,
  "spacing_x": 3.0,
  "spacing_y": 3.0,
  "spacing_z": 3.0,
  "summary_bg_k": 20.775676178011988,
  "summary_bg_mad": 15.32954442555149,
  "summary_bg_mean": 63.40661269077967,
  "summary_bg_median": 34.03773498535156,
  "summary_bg_n": 154721.0,
  "summary_bg_p05": 20.363208770751953,
  "summary_bg_p95": 221.15567016601562,
  "summary_bg_stdv": 76.43139084426615,
  "summary_fg_k": 1.2419639137216656,
  "summary_fg_mad": 156.89712179839145,
  "summary_fg_mean": 801.652579915212,
  "summary_fg_median": 787.48583984375,
  "summary_fg_n": 50079.0,
  "summary_fg_p05": 488.6556701660156,
  "summary_fg_p95": 1144.34912109375,
  "summary_fg_stdv": 193.7074911789322,
  "tsnr": 52.04576269723475
}