{
  "aor": 0.0006073595505617978,
  "aqi": 0.005470648988764045,
  "bids_meta": {
    "dataset": "ds001246",
    "modality": "bold",
    "run_id": 6,
    "session_id": "perceptionTest02",
    "subject_id": "04",
    "task_id": "perception"
  },
  "dummy_trs": 0,
  "dvars_nstd": 23.69558451785311,
  "dvars_std": 1.1018978234463277,
  "dvars_vstd": 1.0130703363276843,
  "efc": 0.5739593059579351,
  "fber": 519.7007446289062,
  "fd_mean": 0.06971001940853164,
  "fd_num": 3,
  "fd_perc": 1.6853932584269662,
  "fwhm_avg": 1.96786,
  "fwhm_x": 1.85632,
  "fwhm_y": 2.063806666666667,
  "fwhm_z": 1.9834533333333333,
  "gcor": 0.0555892,
  "gsr_x": 0.0015344711719080806,
  "gsr_y": 0.033116575330495834,
  "provenance": {
    "md5sum": "23d787b717a02a68c00997f0f22426ee",
    "settings": {
      "fd_thres": 0.2,
      "testing": false
    },
    "software": "mriqc",
    "version": "23.1.0"
  },
  "size_t": 178,
  "size_x": 64,
  "size_y": 64,
  "size_z": 50,
  "snr": 4.413317163083047,
  "spacing_tr": 3.0,
  "spacing_x": 3.0,
  "spacing_y": 3.0,
  "spacing_z": 3.0,
  "summary_bg_k": 20.24930449060611,
  "summary_bg_mad": 16.025433263253195,
  "summary_bg_mean": 70.86359702301004,
  "summary_bg_median": 35.33146286010742,
  "summary_bg_n": 153991.0,
  "summary_bg_p05": 23.64044952392578,
  "summary_bg_p95": 253.80337524414062,
  "summary_bg_stdv": 87.29234856743864,
  "summary_fg_k": 1.2018853722691425,
  "summary_fg_mad": 149.7594743869494,
  "summary_fg_mean": 804.5940195162564,
  "summary_fg_median": 805.449462890625,
  "summary_fg_n": 50809.0,
  "summary_fg_p05": 482.7528076171875,
  "summary_fg_p95": 1095.8426513671875,
  "summary_fg_stdv": 182.502527427923,
  "tsnr": 63.05010783369653
}