{
  "aor": 0.0018555868544600936,
  "aqi": 0.014769434600938967,
  "bids_meta": {
    "dataset": "ds001246",
    "modality": "bold",
    "run_id": 8,
    "session_id": "imageryTest02",
    "subject_id": "01",
    "task_id": "imagery"
  },
  "dummy_trs": 0,
  "dvars_nstd": 29.549412070566035,
  "dvars_std": 1.0928991784905666,
  "dvars_vstd": 0.9776436829716976,
  "efc": 0.5884489295853803,
  "fber": 460.8423156738281,
  "fd_mean": 0.1928009482642396,
  "fd_num": 76,
  "fd_perc": 35.68075117370892,
  "fwhm_avg": 1.9127255555555553,
  "fwhm_x": 1.7966666666666666,
  "fwhm_y": 2.0294866666666667,
  "fwhm_z": 1.9120233333333332,
  "gcor": 0.0225315,
  "gsr_x": 0.0007182512199506164,
  "gsr_y": 0.03373032808303833,
  "provenance": {
    "md5sum": "8f25c159ebacfec556b0dac43903e308",
    "settings": {
      "fd_thres": 0.2,
      "testing": false
    },
    "software": "mriqc",
    "version": "23.1.0"
  },
  "size_t": 213,
  "size_x": 64,
  "size_y": 64,
  "size_z": 50,
  "snr": 4.144212853101509,
  "spacing_tr": 3.0,
  "spacing_x": 3.0,
  "spacing_y": 3.0,
  "spacing_z": 3.0,
  "summary_bg_k": 18.015464726382827,
  "summary_bg_mad": 19.98380880157854,
  "summary_bg_mean": 77.85802869212836,
  "summary_bg_median": 39.122066497802734,
  "summary_bg_n": 150062.0,
  "summary_bg_p05": 21.868545532226562,
  "summary_bg_p95": 274.3239440917969,
  "summary_bg_stdv": 93.85321704768783,
  "summary_fg_k": 1.415073258339885,
  "summary_fg_mad": 166.02710643180845,
  "summary_fg_mean": 852.0401859358016,
  "summary_fg_median": 839.8427429199219,
  "summary_fg_n": 54738.0,
  "summary_fg_p05": 524.5023803710938,
  "summary_fg_p95": 1199.0516357421875,
  "summary_fg_stdv": 202.65249425550064,
  "tsnr": 40.96856854541693
}