{
  "aor": 0.0013162441314553991,
  "aqi": 0.006006303615023475,
  "bids_meta": {
    "dataset": "ds001246",
    "modality": "bold",
    "run_id": 3,
    "session_id": "imageryTest01",
    "subject_id": "02",
    "task_id": "imagery"
  },
  "dummy_trs": 0,
  "dvars_nstd": 26.8585415429717,
  "dvars_std": 1.184409357830189,
  "dvars_vstd": 1.0147782084905654,
  "efc": 0.5631677181493357,
  "fber": 531.7300415039062,
  "fd_mean": 0.09441096247467809,
  "fd_num": 12,
  "fd_perc": 5.633802816901408,
  "fwhm_avg": 1.9079733333333333,
  "fwhm_x": 1.8187499999999999,
  "fwhm_y": 1.9815399999999999,
  "fwhm_z": 1.92363,
  "gcor": 0.0929566,
  "gsr_x": 0.01441201101988554,
  "gsr_y": 0.027487853541970253,
  "provenance": {
    "md5sum": "bd74c853df9acc7fc88e85fa935b2ce9",
    "settings": {
      "fd_thres": 0.2,
      "testing": false
    },
    "software": "mriqc",
    "version": "23.1.0"
  },
  "size_t": 213,
  "size_x": 64,
  "size_y": 64,
  "size_z": 50,
  "snr": 4.072635283654949,
  "spacing_tr": 3.0,
  "spacing_x": 3.0,
  "spacing_y": 3.0,
  "spacing_z": 3.0,
  "summary_bg_k": 26.68522573119773,
  "summary_bg_mad": 17.387512970176022,
  "summary_bg_mean": 76.1425005229654,
  "summary_bg_median": 38.09859085083008,
  "summary_bg_n": 155219.0,
  "summary_bg_p05": 25.21596336364746,
  "summary_bg_p95": 291.0516357421875,
  "summary_bg_stdv": 101.0166518600967,
  "summary_fg_k": 1.6541743640475035,
  "summary_fg_mad": 172.1836519601305,
  "summary_fg_mean": 895.1450193068583,
  "summary_fg_median": 878.5258178710938,
  "summary_fg_n": 49581.0,
  "summary_fg_p05": 554.4553833007812,
  "summary_fg_p95": 1279.9718017578125,
  "summary_fg_stdv": 215.7121610794495,
  "tsnr": 60.587077897042036
}