{
  "aor": 0.0038168075117370895,
  "aqi": 0.016193926854460094,
  "bids_meta": {
    "dataset": "ds001246",
    "modality": "bold",
    "run_id": 6,
    "session_id": "imageryTest01",
    "subject_id": "01",
    "task_id": "imagery"
  },
  "dummy_trs": 0,
  "dvars_nstd": 32.71121126726416,
  "dvars_std": 1.1317103249056597,
  "dvars_vstd": 1.0312330973584907,
  "efc": 0.5853785624848954,
  "fber": 473.337890625,
  "fd_mean": 0.3308371619101675,
  "fd_num": 154,
  "fd_perc": 72.30046948356808,
  "fwhm_avg": 1.9287044444444443,
  "fwhm_x": 1.80479,
  "fwhm_y": 2.04854,
  "fwhm_z": 1.9327833333333333,
  "gcor": 0.0280623,
  "gsr_x": -3.3645814255578443e-05,
  "gsr_y": 0.03570770099759102,
  "provenance": {
    "md5sum": "91e692295f25c88e08dea685ccb15032",
    "settings": {
      "fd_thres": 0.2,
      "testing": false
    },
    "software": "mriqc",
    "version": "23.1.0"
  },
  "size_t": 213,
  "size_x": 64,
  "size_y": 64,
  "size_z": 50,
  "snr": 4.09882273044988,
  "spacing_tr": 3.0,
  "spacing_x": 3.0,
  "spacing_y": 3.0,
  "spacing_z": 3.0,
  "summary_bg_k": 19.249114825680422,
  "summary_bg_mad": 19.08589346757237,
  "summary_bg_mean": 75.91982936271435,
  "summary_bg_median": 38.56338119506836,
  "summary_bg_n": 150094.0,
  "summary_bg_p05": 22.51643180847168,
  "summary_bg_p95": 268.6713562011719,
  "summary_bg_stdv": 92.10083484880529,
  "summary_fg_k": 1.2774014625358578,
  "summary_fg_mad": 169.17673123755222,
  "summary_fg_mean": 852.2346049508103,
  "summary_fg_median": 838.9976501464844,
  "summary_fg_n": 54706.0,
  "summary_fg_p05": 522.385009765625,
  "summary_fg_p95": 1206.1268310546875,
  "summary_fg_stdv": 204.69047749663304,
  "tsnr": 36.67638424952747
}