{
  "aor": 0.0046500000000000005,
  "aqi": 0.011361969061032864,
  "bids_meta": {
    "dataset": "ds001246",
    "modality": "bold",
    "run_id": 1,
    "session_id": "imageryTest01",
    "subject_id": "01",
    "task_id": "imagery"
  },
  "dummy_trs": 0,
  "dvars_nstd": 26.091123688915104,
  "dvars_std": 1.0936381426415096,
  "dvars_vstd": 0.9994269179716984,
  "efc": 0.5806882286957401,
  "fber": 506.5129699707031,
  "fd_mean": 0.11646689367862408,
  "fd_num": 28,
  "fd_perc": 13.145539906103286,
  "fwhm_avg": 1.9094155555555556,
  "fwhm_x": 1.7985,
  "fwhm_y": 2.0055066666666668,
  "fwhm_z": 1.92424,
  "gcor": 0.0549746,
  "gsr_x": 0.0008930345065891743,
  "gsr_y": 0.03612501174211502,
  "provenance": {
    "md5sum": "51cf249914b3fb74a4792b6e3240772d",
    "settings": {
      "fd_thres": 0.2,
      "testing": false
    },
    "software": "mriqc",
    "version": "23.1.0"
  },
  "size_t": 213,
  "size_x": 64,
  "size_y": 64,
  "size_z": 50,
  "snr": 4.098743209353461,
  "spacing_tr": 3.0,
  "spacing_x": 3.0,
  "spacing_y": 3.0,
  "spacing_z": 3.0,
  "summary_bg_k": 21.69591354403637,
  "summary_bg_mad": 18.146213774730768,
  "summary_bg_mean": 72.93427935697079,
  "summary_bg_median": 36.962440490722656,
  "summary_bg_n": 150372.0,
  "summary_bg_p05": 20.784038543701172,
  "summary_bg_p95": 260.35211181640625,
  "summary_bg_stdv": 90.60352182879974,
  "summary_fg_k": 1.2022836506215189,
  "summary_fg_mad": 170.27999577905737,
  "summary_fg_mean": 846.0872199074022,
  "summary_fg_median": 831.8709106445312,
  "summary_fg_n": 54428.0,
  "summary_fg_p05": 518.1502685546875,
  "summary_fg_p95": 1196.1690673828125,
  "summary_fg_stdv": 202.95569304563946,
  "tsnr": 43.81256778026
}