{
  "aor": 0.0030248356807511738,
  "aqi": 0.013052314507042253,
  "bids_meta": {
    "dataset": "ds001246",
    "modality": "bold",
    "run_id": 4,
    "session_id": "imageryTest01",
    "subject_id": "01",
    "task_id": "imagery"
  },
  "dummy_trs": 0,
  "dvars_nstd": 31.659794186367925,
  "dvars_std": 1.1444061508962258,
  "dvars_vstd": 1.0313304081603776,
  "efc": 0.5836156731279075,
  "fber": 488.8378601074219,
  "fd_mean": 0.29592166634499967,
  "fd_num": 137,
  "fd_perc": 64.31924882629107,
  "fwhm_avg": 1.9137077777777778,
  "fwhm_x": 1.7941366666666667,
  "fwhm_y": 2.02732,
  "fwhm_z": 1.9196666666666669,
  "gcor": 0.0464086,
  "gsr_x": -0.000113629263069015,
  "gsr_y": 0.03467359393835068,
  "provenance": {
    "md5sum": "321d5dc7029d84752dc0aa4324eea928",
    "settings": {
      "fd_thres": 0.2,
      "testing": false
    },
    "software": "mriqc",
    "version": "23.1.0"
  },
  "size_t": 213,
  "size_x": 64,
  "size_y": 64,
  "size_z": 50,
  "snr": 4.09509610249286,
  "spacing_tr": 3.0,
  "spacing_x": 3.0,
  "spacing_y": 3.0,
  "spacing_z": 3.0,
  "summary_bg_k": 20.064700104954188,
  "summary_bg_mad": 18.254104328095796,
  "summary_bg_mean": 75.08415040895306,
  "summary_bg_median": 38.01173782348633,
  "summary_bg_n": 150186.0,
  "summary_bg_p05": 23.671361923217773,
  "summary_bg_p95": 266.0939025878906,
  "summary_bg_stdv": 91.5818119630743,
  "summary_fg_k": 1.3201945035959195,
  "summary_fg_mad": 169.47607499602492,
  "summary_fg_mean": 854.3824823627268,
  "summary_fg_median": 840.42724609375,
  "summary_fg_n": 54614.0,
  "summary_fg_p05": 522.5352172851562,
  "summary_fg_p95": 1209.7652587890625,
  "summary_fg_stdv": 205.22584349109923,
  "tsnr": 40.4808185651782
}