{
  "aor": 0.001343192488262911,
  "aqi": 0.00623748145539906,
  "bids_meta": {
    "dataset": "ds001246",
    "modality": "bold",
    "run_id": 3,
    "session_id": "imageryTest03",
    "subject_id": "02",
    "task_id": "imagery"
  },
  "dummy_trs": 0,
  "dvars_nstd": 26.3029374712264,
  "dvars_std": 1.1773304847641517,
  "dvars_vstd": 1.021510341745283,
  "efc": 0.5630165465492357,
  "fber": 537.9459228515625,
  "fd_mean": 0.092286753095624,
  "fd_num": 13,
  "fd_perc": 6.103286384976526,
  "fwhm_avg": 1.8671022222222222,
  "fwhm_x": 1.76189,
  "fwhm_y": 1.9368400000000001,
  "fwhm_z": 1.9025766666666666,
  "gcor": 0.0701563,
  "gsr_x": 0.022982941940426826,
  "gsr_y": 0.030999284237623215,
  "provenance": {
    "md5sum": "4d6cabebe357941aa940c5f7e912ff02",
    "settings": {
      "fd_thres": 0.2,
      "testing": false
    },
    "software": "mriqc",
    "version": "23.1.0"
  },
  "size_t": 213,
  "size_x": 64,
  "size_y": 64,
  "size_z": 50,
  "snr": 4.171796944435641,
  "spacing_tr": 3.0,
  "spacing_x": 3.0,
  "spacing_y": 3.0,
  "spacing_z": 3.0,
  "summary_bg_k": 27.51399479769045,
  "summary_bg_mad": 16.635768650334878,
  "summary_bg_mean": 76.17897696431326,
  "summary_bg_median": 37.624412536621094,
  "summary_bg_n": 155729.0,
  "summary_bg_p05": 25.413145065307617,
  "summary_bg_p95": 287.41314697265625,
  "summary_bg_stdv": 101.83942067163493,
  "summary_fg_k": 1.500688698663935,
  "summary_fg_mad": 168.61994098789006,
  "summary_fg_mean": 887.1475680550792,
  "summary_fg_median": 872.6478881835938,
  "summary_fg_n": 49071.0,
  "summary_fg_p05": 554.57275390625,
  "summary_fg_p95": 1259.1126708984375,
  "summary_fg_stdv": 209.1758079490918,
  "tsnr": 62.69439900806174
}