{
  "aor": 0.00029779661016949156,
  "aqi": 0.005301138531073446,
  "bids_meta": {
    "dataset": "ds001246",
    "modality": "bold",
    "run_id": 3,
    "session_id": "perceptionTraining03",
    "subject_id": "03",
    "task_id": "perception"
  },
  "dummy_trs": 1,
  "dvars_nstd": 21.65346682079545,
  "dvars_std": 1.0307080857386366,
  "dvars_vstd": 0.9720104500000005,
  "efc": 0.5760622101073276,
  "fber": 489.54888916015625,
  "fd_mean": 0.05248804206412488,
  "fd_num": 0,
  "fd_perc": 0.0,
  "fwhm_avg": 1.9521077777777778,
  "fwhm_x": 1.8193766666666666,
  "fwhm_y": 2.0587666666666666,
  "fwhm_z": 1.97818,
  "gcor": 0.0179334,
  "gsr_x": -0.0053119598887860775,
  "gsr_y": 0.042929913848638535,
  "provenance": {
    "md5sum": "a5e2f12b5e812fa54e32ea94f481f59a",
    "settings": {
      "fd_thres": 0.2,
      "testing": false
    },
    "software": "mriqc",
    "version": "23.1.0"
  },
  "size_t": 177,
  "size_x": 64,
  "size_y": 64,
  "size_z": 50,
  "snr": 4.005635526868302,
  "spacing_tr": 3.0,
  "spacing_x": 3.0,
  "spacing_y": 3.0,
  "spacing_z": 3.0,
  "summary_bg_k": 21.84321215305557,
  "summary_bg_mad": 17.983881658883533,
  "summary_bg_mean": 78.02104555359281,
  "summary_bg_median": 37.60451889038086,
  "summary_bg_n": 153737.0,
  "summary_bg_p05": 24.3389835357666,
  "summary_bg_p95": 281.87005615234375,
  "summary_bg_stdv": 99.93633478193138,
  "summary_fg_k": 1.5043333908790508,
  "summary_fg_mad": 172.52634083961541,
  "summary_fg_mean": 847.9766164462575,
  "summary_fg_median": 832.0282592773438,
  "summary_fg_n": 51063.0,
  "summary_fg_p05": 520.8587646484375,
  "summary_fg_p95": 1210.16943359375,
  "summary_fg_stdv": 207.71238585757865,
  "tsnr": 61.60235323011875
}