{
  "aor": 0.0006596045197740112,
  "aqi": 0.005671441638418079,
  "bids_meta": {
    "dataset": "ds001246",
    "modality": "bold",
    "run_id": 4,
    "session_id": "perceptionTraining03",
    "subject_id": "03",
    "task_id": "perception"
  },
  "dummy_trs": 1,
  "dvars_nstd": 23.337542740397723,
  "dvars_std": 1.0595409407386367,
  "dvars_vstd": 0.9869737396590902,
  "efc": 0.5767179781280708,
  "fber": 483.37042236328125,
  "fd_mean": 0.08410465165200857,
  "fd_num": 6,
  "fd_perc": 3.389830508474576,
  "fwhm_avg": 1.9500433333333334,
  "fwhm_x": 1.8314766666666669,
  "fwhm_y": 2.0600666666666667,
  "fwhm_z": 1.9585866666666665,
  "gcor": 0.0165798,
  "gsr_x": -0.004543307237327099,
  "gsr_y": 0.04288318753242493,
  "provenance": {
    "md5sum": "d9e46cacaebe2ce8e7ba60d16232cebb",
    "settings": {
      "fd_thres": 0.2,
      "testing": false
    },
    "software": "mriqc",
    "version": "23.1.0"
  },
  "size_t": 177,
  "size_x": 64,
  "size_y": 64,
  "size_z": 50,
  "snr": 3.99334970953444,
  "spacing_tr": 3.0,
  "spacing_x": 3.0,
  "spacing_y": 3.0,
  "spacing_z": 3.0,
  "summary_bg_k": 20.948413632439458,
  "summary_bg_mad": 18.49483263325812,
  "summary_bg_mean": 78.49721422325872,
  "summary_bg_median": 37.89265441894531,
  "summary_bg_n": 153714.0,
  "summary_bg_p05": 23.87570571899414,
  "summary_bg_p95": 283.3050842285156,
  "summary_bg_stdv": 99.88946740006767,
  "summary_fg_k": 1.5202901050518358,
  "summary_fg_mad": 173.53146804555115,
  "summary_fg_mean": 849.1644114949189,
  "summary_fg_median": 833.0960388183594,
  "summary_fg_n": 51086.0,
  "summary_fg_p05": 519.8079223632812,
  "summary_fg_p95": 1213.886962890625,
  "summary_fg_stdv": 208.61881515931674,
  "tsnr": 59.803007814334705
}