{
  "aor": 0.0006019662921348314,
  "aqi": 0.008531115,
  "bids_meta": {
    "dataset": "ds001246",
    "modality": "bold",
    "run_id": 3,
    "session_id": "perceptionTraining02",
    "subject_id": "05",
    "task_id": "perception"
  },
  "dummy_trs": 0,
  "dvars_nstd": 24.07111941593221,
  "dvars_std": 1.0732762283615822,
  "dvars_vstd": 0.9840245292655365,
  "efc": 0.5586326142582697,
  "fber": 567.0009155273438,
  "fd_mean": 0.09896835375401834,
  "fd_num": 14,
  "fd_perc": 7.865168539325842,
  "fwhm_avg": 1.863958888888889,
  "fwhm_x": 1.77365,
  "fwhm_y": 1.9274466666666665,
  "fwhm_z": 1.8907800000000001,
  "gcor": 0.0430984,
  "gsr_x": 0.0026624412275850773,
  "gsr_y": 0.03739171847701073,
  "provenance": {
    "md5sum": "1defbc08fb96db187e67e190a2d99500",
    "settings": {
      "fd_thres": 0.2,
      "testing": false
    },
    "software": "mriqc",
    "version": "23.1.0"
  },
  "size_t": 178,
  "size_x": 64,
  "size_y": 64,
  "size_z": 50,
  "snr": 4.1865406782187495,
  "spacing_tr": 3.0,
  "spacing_x": 3.0,
  "spacing_y": 3.0,
  "spacing_z": 3.0,
  "summary_bg_k": 24.968278678732958,
  "summary_bg_mad": 14.426219434936733,
  "summary_bg_mean": 62.49429049167392,
  "summary_bg_median": 32.758426666259766,
  "summary_bg_n": 154830.0,
  "summary_bg_p05": 20.370786666870117,
  "summary_bg_p95": 218.62921142578125,
  "summary_bg_stdv": 78.7912548993408,
  "summary_fg_k": 1.035705683921691,
  "summary_fg_mad": 155.6773955225591,
  "summary_fg_mean": 793.6634063365342,
  "summary_fg_median": 780.0364990234375,
  "summary_fg_n": 49970.0,
  "summary_fg_p05": 489.11236572265625,
  "summary_fg_p95": 1120.882080078125,
  "summary_fg_stdv": 186.3181929640891,
  "tsnr": 54.69542172481306
}