{
  "aor": 0.0019472471910112357,
  "aqi": 0.019129949438202246,
  "bids_meta": {
    "dataset": "ds001246",
    "modality": "bold",
    "run_id": 2,
    "session_id": "perceptionTraining02",
    "subject_id": "01",
    "task_id": "perception"
  },
  "dummy_trs": 0,
  "dvars_nstd": 39.555717759209045,
  "dvars_std": 1.1132961832768362,
  "dvars_vstd": 1.0069877284180795,
  "efc": 0.5938934892334531,
  "fber": 397.11553955078125,
  "fd_mean": 0.48941912931970005,
  "fd_num": 156,
  "fd_perc": 87.64044943820225,
  "fwhm_avg": 1.9236533333333334,
  "fwhm_x": 1.8165866666666668,
  "fwhm_y": 2.0306633333333335,
  "fwhm_z": 1.92371,
  "gcor": 0.0334562,
  "gsr_x": 0.0024287900887429714,
  "gsr_y": 0.0351475328207016,
  "provenance": {
    "md5sum": "7852dbfc6ba3713db7a3e600f14df920",
    "settings": {
      "fd_thres": 0.2,
      "testing": false
    },
    "software": "mriqc",
    "version": "23.1.0"
  },
  "size_t": 178,
  "size_x": 64,
  "size_y": 64,
  "size_z": 50,
  "snr": 4.139148102417894,
  "spacing_tr": 3.0,
  "spacing_x": 3.0,
  "spacing_y": 3.0,
  "spacing_z": 3.0,
  "summary_bg_k": 15.824295155730344,
  "summary_bg_mad": 20.689795853472223,
  "summary_bg_mean": 76.55543379892791,
  "summary_bg_median": 39.89325714111328,
  "summary_bg_n": 150066.0,
  "summary_bg_p05": 22.286516189575195,
  "summary_bg_p95": 260.37078857421875,
  "summary_bg_stdv": 87.8459765850914,
  "summary_fg_k": 1.3291383969585437,
  "summary_fg_mad": 158.76756783455545,
  "summary_fg_mean": 805.6311094312144,
  "summary_fg_median": 794.983154296875,
  "summary_fg_n": 54734.0,
  "summary_fg_p05": 490.5224914550781,
  "summary_fg_p95": 1134.1292724609375,
  "summary_fg_stdv": 192.06268351617743,
  "tsnr": 33.231853339471854
}