{
  "aor": 0.0017487640449438202,
  "aqi": 0.018361086741573034,
  "bids_meta": {
    "dataset": "ds001246",
    "modality": "bold",
    "run_id": 1,
    "session_id": "perceptionTraining02",
    "subject_id": "01",
    "task_id": "perception"
  },
  "dummy_trs": 0,
  "dvars_nstd": 36.7597187278531,
  "dvars_std": 1.0787580581355938,
  "dvars_vstd": 0.9929077198870048,
  "efc": 0.5913173522489649,
  "fber": 415.65032958984375,
  "fd_mean": 0.41901215060447494,
  "fd_num": 149,
  "fd_perc": 83.70786516853933,
  "fwhm_avg": 1.9459111111111111,
  "fwhm_x": 1.83434,
  "fwhm_y": 2.0563733333333336,
  "fwhm_z": 1.94702,
  "gcor": 0.024114,
  "gsr_x": 0.004511548671871424,
  "gsr_y": 0.03547744080424309,
  "provenance": {
    "md5sum": "311a05819b5c9f0cc00514a6ce1aafc2",
    "settings": {
      "fd_thres": 0.2,
      "testing": false
    },
    "software": "mriqc",
    "version": "23.1.0"
  },
  "size_t": 178,
  "size_x": 64,
  "size_y": 64,
  "size_z": 50,
  "snr": 4.151407573247585,
  "spacing_tr": 3.0,
  "spacing_x": 3.0,
  "spacing_y": 3.0,
  "spacing_z": 3.0,
  "summary_bg_k": 15.67243878020599,
  "summary_bg_mad": 20.65647825066912,
  "summary_bg_mean": 74.70238666545599,
  "summary_bg_median": 38.7528076171875,
  "summary_bg_n": 150180.0,
  "summary_bg_p05": 17.910112380981445,
  "summary_bg_p95": 257.34832763671875,
  "summary_bg_stdv": 86.75025839315059,
  "summary_fg_k": 1.2326809178629698,
  "summary_fg_mad": 158.50514434617247,
  "summary_fg_mean": 799.8657562760109,
  "summary_fg_median": 790.0730590820312,
  "summary_fg_n": 54620.0,
  "summary_fg_p05": 487.2471923828125,
  "summary_fg_p95": 1125.544921875,
  "summary_fg_stdv": 190.3127584215603,
  "tsnr": 32.927165991277434
}