{
  "aor": 0.0019965168539325846,
  "aqi": 0.018935102752808988,
  "bids_meta": {
    "dataset": "ds001246",
    "modality": "bold",
    "run_id": 4,
    "session_id": "perceptionTraining02",
    "subject_id": "01",
    "task_id": "perception"
  },
  "dummy_trs": 0,
  "dvars_nstd": 41.003036553107336,
  "dvars_std": 1.1144876983615821,
  "dvars_vstd": 1.0007747841807912,
  "efc": 0.5938790205188827,
  "fber": 399.8636169433594,
  "fd_mean": 0.47507662874649054,
  "fd_num": 148,
  "fd_perc": 83.14606741573034,
  "fwhm_avg": 1.923821111111111,
  "fwhm_x": 1.8189433333333334,
  "fwhm_y": 2.03049,
  "fwhm_z": 1.9220300000000001,
  "gcor": 0.0213236,
  "gsr_x": 0.0026974547654390335,
  "gsr_y": 0.036240190267562866,
  "provenance": {
    "md5sum": "ab71029b475485dc9108eb82f75e2bd9",
    "settings": {
      "fd_thres": 0.2,
      "testing": false
    },
    "software": "mriqc",
    "version": "23.1.0"
  },
  "size_t": 178,
  "size_x": 64,
  "size_y": 64,
  "size_z": 50,
  "snr": 4.13707371726767,
  "spacing_tr": 3.0,
  "spacing_x": 3.0,
  "spacing_y": 3.0,
  "spacing_z": 3.0,
  "summary_bg_k": 15.971599571335535,
  "summary_bg_mad": 19.931838770657183,
  "summary_bg_mean": 76.24685507522196,
  "summary_bg_median": 39.52809143066406,
  "summary_bg_n": 150143.0,
  "summary_bg_p05": 23.7359561920166,
  "summary_bg_p95": 258.51123046875,
  "summary_bg_stdv": 87.62498551833795,
  "summary_fg_k": 1.3459941083780338,
  "summary_fg_mad": 157.83876966739592,
  "summary_fg_mean": 800.1520794482285,
  "summary_fg_median": 790.427001953125,
  "summary_fg_n": 54657.0,
  "summary_fg_p05": 486.46630859375,
  "summary_fg_p95": 1122.927001953125,
  "summary_fg_stdv": 191.0576956429498,
  "tsnr": 33.52436907682568
}