{
  "aor": 0.0016222065727699532,
  "aqi": 0.016229324178403753,
  "bids_meta": {
    "dataset": "ds001246",
    "modality": "bold",
    "run_id": 6,
    "session_id": "imageryTest02",
    "subject_id": "01",
    "task_id": "imagery"
  },
  "dummy_trs": 0,
  "dvars_nstd": 31.369928854575466,
  "dvars_std": 1.0593838612264155,
  "dvars_vstd": 0.9786930026415085,
  "efc": 0.5885551511240559,
  "fber": 451.9330139160156,
  "fd_mean": 0.3308696671931065,
  "fd_num": 126,
  "fd_perc": 59.15492957746479,
  "fwhm_avg": 1.9319344444444446,
  "fwhm_x": 1.8233333333333333,
  "fwhm_y": 2.06347,
  "fwhm_z": 1.909,
  "gcor": 0.0287547,
  "gsr_x": 0.0007794037810526788,
  "gsr_y": 0.0337885282933712,
  "provenance": {
    "md5sum": "6620e56b782d9635092f64b2be2296a4",
    "settings": {
      "fd_thres": 0.2,
      "testing": false
    },
    "software": "mriqc",
    "version": "23.1.0"
  },
  "size_t": 213,
  "size_x": 64,
  "size_y": 64,
  "size_z": 50,
  "snr": 4.102788147879136,
  "spacing_tr": 3.0,
  "spacing_x": 3.0,
  "spacing_y": 3.0,
  "spacing_z": 3.0,
  "summary_bg_k": 17.486156769797642,
  "summary_bg_mad": 20.408406046807112,
  "summary_bg_mean": 77.98155863520691,
  "summary_bg_median": 39.450706481933594,
  "summary_bg_n": 150063.0,
  "summary_bg_p05": 21.694835662841797,
  "summary_bg_p95": 274.9201965332031,
  "summary_bg_stdv": 93.47835757096757,
  "summary_fg_k": 1.3963875547064708,
  "summary_fg_mad": 167.77765208103884,
  "summary_fg_mean": 851.2764975538399,
  "summary_fg_median": 838.67138671875,
  "summary_fg_n": 54737.0,
  "summary_fg_p05": 518.7840576171875,
  "summary_fg_p95": 1203.0234375,
  "summary_fg_stdv": 204.41311994109162,
  "tsnr": 36.63526495161932
}