{
  "aor": 0.0043353051643192485,
  "aqi": 0.013629354319248823,
  "bids_meta": {
    "dataset": "ds001246",
    "modality": "bold",
    "run_id": 5,
    "session_id": "imageryTest02",
    "subject_id": "01",
    "task_id": "imagery"
  },
  "dummy_trs": 0,
  "dvars_nstd": 30.866555699764156,
  "dvars_std": 1.138212059292453,
  "dvars_vstd": 1.0343920887735853,
  "efc": 0.5884976732731861,
  "fber": 460.5188293457031,
  "fd_mean": 0.27504013805206,
  "fd_num": 110,
  "fd_perc": 51.64319248826291,
  "fwhm_avg": 1.9214766666666667,
  "fwhm_x": 1.8042766666666665,
  "fwhm_y": 2.0321366666666667,
  "fwhm_z": 1.9280166666666665,
  "gcor": 0.0362011,
  "gsr_x": 0.0006243814714252949,
  "gsr_y": 0.03231886401772499,
  "provenance": {
    "md5sum": "d5df28432bed315d4e15542521b437a3",
    "settings": {
      "fd_thres": 0.2,
      "testing": false
    },
    "software": "mriqc",
    "version": "23.1.0"
  },
  "size_t": 213,
  "size_x": 64,
  "size_y": 64,
  "size_z": 50,
  "snr": 4.092384919001009,
  "spacing_tr": 3.0,
  "spacing_x": 3.0,
  "spacing_y": 3.0,
  "spacing_z": 3.0,
  "summary_bg_k": 17.447181607218162,
  "summary_bg_mad": 19.580092321848024,
  "summary_bg_mean": 78.52581925139513,
  "summary_bg_median": 39.31924819946289,
  "summary_bg_n": 150034.0,
  "summary_bg_p05": 24.136150360107422,
  "summary_bg_p95": 278.29107666015625,
  "summary_bg_stdv": 94.78911034769386,
  "summary_fg_k": 1.4232533770485594,
  "summary_fg_mad": 169.13153105394971,
  "summary_fg_mean": 856.3665368165431,
  "summary_fg_median": 843.7793579101562,
  "summary_fg_n": 54766.0,
  "summary_fg_p05": 523.7183227539062,
  "summary_fg_p95": 1210.1878662109375,
  "summary_fg_stdv": 206.18091188368774,
  "tsnr": 40.88345657772152
}