{
  "aor": 0.00197849765258216,
  "aqi": 0.010805754178403756,
  "bids_meta": {
    "dataset": "ds001246",
    "modality": "bold",
    "run_id": 2,
    "session_id": "imageryTest02",
    "subject_id": "01",
    "task_id": "imagery"
  },
  "dummy_trs": 0,
  "dvars_nstd": 30.006775954481128,
  "dvars_std": 1.1171614459905659,
  "dvars_vstd": 1.0057646857075475,
  "efc": 0.5868221255468368,
  "fber": 467.23687744140625,
  "fd_mean": 0.24873121380162913,
  "fd_num": 109,
  "fd_perc": 51.17370892018779,
  "fwhm_avg": 1.9307666666666667,
  "fwhm_x": 1.8147399999999998,
  "fwhm_y": 2.037593333333333,
  "fwhm_z": 1.9399666666666666,
  "gcor": 0.031556,
  "gsr_x": -0.0009984386852011085,
  "gsr_y": 0.03328699991106987,
  "provenance": {
    "md5sum": "97dd50a91bca597b7f7e2612fedff8c9",
    "settings": {
      "fd_thres": 0.2,
      "testing": false
    },
    "software": "mriqc",
    "version": "23.1.0"
  },
  "size_t": 213,
  "size_x": 64,
  "size_y": 64,
  "size_z": 50,
  "snr": 4.092343933609216,
  "spacing_tr": 3.0,
  "spacing_x": 3.0,
  "spacing_y": 3.0,
  "spacing_z": 3.0,
  "summary_bg_k": 18.366281506941068,
  "summary_bg_mad": 19.134619966800024,
  "summary_bg_mean": 77.58976534667534,
  "summary_bg_median": 38.906105041503906,
  "summary_bg_n": 150297.0,
  "summary_bg_p05": 24.244131088256836,
  "summary_bg_p95": 274.8779296875,
  "summary_bg_stdv": 93.79248808792214,
  "summary_fg_k": 1.3797152353085256,
  "summary_fg_mad": 169.68483740557645,
  "summary_fg_mean": 853.6845674227984,
  "summary_fg_median": 840.9812622070312,
  "summary_fg_n": 54503.0,
  "summary_fg_p05": 522.9436645507812,
  "summary_fg_p95": 1208.06103515625,
  "summary_fg_stdv": 205.49923486763413,
  "tsnr": 44.538920677732676
}