{
  "aor": 0.00034023474178403754,
  "aqi": 0.008887729107981222,
  "bids_meta": {
    "dataset": "ds001246",
    "modality": "bold",
    "run_id": 4,
    "session_id": "imageryTest01",
    "subject_id": "05",
    "task_id": "imagery"
  },
  "dummy_trs": 0,
  "dvars_nstd": 25.2542108681132,
  "dvars_std": 1.0744002268396224,
  "dvars_vstd": 0.9737013069811328,
  "efc": 0.5625855288356153,
  "fber": 514.8901977539062,
  "fd_mean": 0.08959723660890628,
  "fd_num": 13,
  "fd_perc": 6.103286384976526,
  "fwhm_avg": 1.8652911111111112,
  "fwhm_x": 1.7688666666666668,
  "fwhm_y": 1.9541066666666669,
  "fwhm_z": 1.8728999999999998,
  "gcor": 0.0490306,
  "gsr_x": 0.002419077791273594,
  "gsr_y": 0.03213157132267952,
  "provenance": {
    "md5sum": "6f42df3911c069d4e9c5ed809275cf3f",
    "settings": {
      "fd_thres": 0.2,
      "testing": false
    },
    "software": "mriqc",
    "version": "23.1.0"
  },
  "size_t": 213,
  "size_x": 64,
  "size_y": 64,
  "size_z": 50,
  "snr": 4.091897021052494,
  "spacing_tr": 3.0,
  "spacing_x": 3.0,
  "spacing_y": 3.0,
  "spacing_z": 3.0,
  "summary_bg_k": 17.636232674917682,
  "summary_bg_mad": 15.50119709977922,
  "summary_bg_mean": 64.9520147199821,
  "summary_bg_median": 34.74647903442383,
  "summary_bg_n": 154730.0,
  "summary_bg_p05": 22.56807518005371,
  "summary_bg_p95": 224.89202880859375,
  "summary_bg_stdv": 76.67008722984875,
  "summary_fg_k": 1.2920578326922731,
  "summary_fg_mad": 155.82295006775357,
  "summary_fg_mean": 802.0745037548171,
  "summary_fg_median": 788.4389953613281,
  "summary_fg_n": 50070.0,
  "summary_fg_p05": 490.6291198730469,
  "summary_fg_p95": 1141.3192138671875,
  "summary_fg_stdv": 192.68107625836117,
  "tsnr": 53.8578670124989
}