{
  "aor": 0.0004823474178403756,
  "aqi": 0.007066238075117371,
  "bids_meta": {
    "dataset": "ds001246",
    "modality": "bold",
    "run_id": 3,
    "session_id": "imageryTest01",
    "subject_id": "05",
    "task_id": "imagery"
  },
  "dummy_trs": 0,
  "dvars_nstd": 25.166889640896244,
  "dvars_std": 1.10251172009434,
  "dvars_vstd": 0.9893262079245282,
  "efc": 0.5619574189979076,
  "fber": 521.9840087890625,
  "fd_mean": 0.07800544927851938,
  "fd_num": 12,
  "fd_perc": 5.633802816901408,
  "fwhm_avg": 1.85459,
  "fwhm_x": 1.7614333333333334,
  "fwhm_y": 1.94203,
  "fwhm_z": 1.8603066666666666,
  "gcor": 0.0545306,
  "gsr_x": 0.0022293305955827236,
  "gsr_y": 0.031840138137340546,
  "provenance": {
    "md5sum": "aee0c18522fc0b362c86e1bc6655c4f8",
    "settings": {
      "fd_thres": 0.2,
      "testing": false
    },
    "software": "mriqc",
    "version": "23.1.0"
  },
  "size_t": 213,
  "size_x": 64,
  "size_y": 64,
  "size_z": 50,
  "snr": 4.068260128166222,
  "spacing_tr": 3.0,
  "spacing_x": 3.0,
  "spacing_y": 3.0,
  "spacing_z": 3.0,
  "summary_bg_k": 18.19603479001888,
  "summary_bg_mad": 15.160128572221506,
  "summary_bg_mean": 64.70719464621357,
  "summary_bg_median": 34.54460144042969,
  "summary_bg_n": 154689.0,
  "summary_bg_p05": 23.09859275817871,
  "summary_bg_p95": 224.59625244140625,
  "summary_bg_stdv": 76.72074951913393,
  "summary_fg_k": 1.2873953721013525,
  "summary_fg_mad": 156.99575683368022,
  "summary_fg_mean": 803.0147080679988,
  "summary_fg_median": 789.2394409179688,
  "summary_fg_n": 50111.0,
  "summary_fg_p05": 490.6197204589844,
  "summary_fg_p95": 1144.9295654296875,
  "summary_fg_stdv": 193.99732099292405,
  "tsnr": 59.51422097790055
}