{
  "aor": 0.003183820224719101,
  "aqi": 0.01198821938202247,
  "bids_meta": {
    "dataset": "ds001246",
    "modality": "bold",
    "run_id": 2,
    "session_id": "perceptionTraining03",
    "subject_id": "01",
    "task_id": "perception"
  },
  "dummy_trs": 0,
  "dvars_nstd": 29.39274715655367,
  "dvars_std": 1.101169563898305,
  "dvars_vstd": 1.0259076445762714,
  "efc": 0.5816971568654185,
  "fber": 478.25634765625,
  "fd_mean": 0.28326960462716494,
  "fd_num": 97,
  "fd_perc": 54.49438202247191,
  "fwhm_avg": 1.9361122222222225,
  "fwhm_x": 1.82927,
  "fwhm_y": 2.04957,
  "fwhm_z": 1.9294966666666669,
  "gcor": 0.0352078,
  "gsr_x": 0.004251420497894287,
  "gsr_y": 0.03537840396165848,
  "provenance": {
    "md5sum": "91cdae012466f23f6feebe9497a890b2",
    "settings": {
      "fd_thres": 0.2,
      "testing": false
    },
    "software": "mriqc",
    "version": "23.1.0"
  },
  "size_t": 178,
  "size_x": 64,
  "size_y": 64,
  "size_z": 50,
  "snr": 4.154237335965886,
  "spacing_tr": 3.0,
  "spacing_x": 3.0,
  "spacing_y": 3.0,
  "spacing_z": 3.0,
  "summary_bg_k": 19.99021234903873,
  "summary_bg_mad": 17.574670687365,
  "summary_bg_mean": 71.2290160765493,
  "summary_bg_median": 37.33146286010742,
  "summary_bg_n": 150492.0,
  "summary_bg_p05": 21.76404571533203,
  "summary_bg_p95": 248.8988800048828,
  "summary_bg_stdv": 85.20152305102478,
  "summary_fg_k": 1.2766711560140989,
  "summary_fg_mad": 163.16954087046327,
  "summary_fg_mean": 825.1461587663408,
  "summary_fg_median": 816.4044799804688,
  "summary_fg_n": 54308.0,
  "summary_fg_p05": 502.960693359375,
  "summary_fg_p95": 1158.915771484375,
  "summary_fg_stdv": 196.5215026230067,
  "tsnr": 41.59652252309024
}