{
  "aor": 0.0008901685393258429,
  "aqi": 0.007940926404494383,
  "bids_meta": {
    "dataset": "ds001246",
    "modality": "bold",
    "run_id": 2,
    "session_id": "perceptionTest02",
    "subject_id": "01",
    "task_id": "perception"
  },
  "dummy_trs": 0,
  "dvars_nstd": 25.339173872033893,
  "dvars_std": 1.067165325084745,
  "dvars_vstd": 0.9949968232768357,
  "efc": 0.5857448238784263,
  "fber": 463.6639099121094,
  "fd_mean": 0.1352976380882893,
  "fd_num": 38,
  "fd_perc": 21.348314606741575,
  "fwhm_avg": 1.9337833333333334,
  "fwhm_x": 1.8303466666666666,
  "fwhm_y": 2.04862,
  "fwhm_z": 1.9223833333333333,
  "gcor": 0.0246688,
  "gsr_x": 0.0030902160797268152,
  "gsr_y": 0.03363725543022156,
  "provenance": {
    "md5sum": "13a73f3b5adaad0c42894e4eb3c09979",
    "settings": {
      "fd_thres": 0.2,
      "testing": false
    },
    "software": "mriqc",
    "version": "23.1.0"
  },
  "size_t": 178,
  "size_x": 64,
  "size_y": 64,
  "size_z": 50,
  "snr": 4.1261361116823325,
  "spacing_tr": 3.0,
  "spacing_x": 3.0,
  "spacing_y": 3.0,
  "spacing_z": 3.0,
  "summary_bg_k": 18.08883444338391,
  "summary_bg_mad": 18.32429978339892,
  "summary_bg_mean": 74.78940961999558,
  "summary_bg_median": 38.129215240478516,
  "summary_bg_n": 150528.0,
  "summary_bg_p05": 24.067415237426758,
  "summary_bg_p95": 261.994384765625,
  "summary_bg_stdv": 89.04600912415349,
  "summary_fg_k": 1.3334098155076388,
  "summary_fg_mad": 167.234209232941,
  "summary_fg_mean": 830.6173464452039,
  "summary_fg_median": 821.0308837890625,
  "summary_fg_n": 54272.0,
  "summary_fg_p05": 505.960693359375,
  "summary_fg_p95": 1165.7752685546875,
  "summary_fg_stdv": 198.9811527041435,
  "tsnr": 51.16077554121148
}