{
  "aor": 0.0007420224719101124,
  "aqi": 0.007842089831460675,
  "bids_meta": {
    "dataset": "ds001246",
    "modality": "bold",
    "run_id": 3,
    "session_id": "perceptionTest02",
    "subject_id": "01",
    "task_id": "perception"
  },
  "dummy_trs": 0,
  "dvars_nstd": 25.147153746723177,
  "dvars_std": 1.0763830298305084,
  "dvars_vstd": 0.9938713329943503,
  "efc": 0.5862872683390128,
  "fber": 464.1119689941406,
  "fd_mean": 0.11379520946824703,
  "fd_num": 19,
  "fd_perc": 10.674157303370787,
  "fwhm_avg": 1.9434655555555558,
  "fwhm_x": 1.83723,
  "fwhm_y": 2.0439633333333336,
  "fwhm_z": 1.9492033333333334,
  "gcor": 0.0281135,
  "gsr_x": 0.003455874277278781,
  "gsr_y": 0.03344669193029404,
  "provenance": {
    "md5sum": "e96e4b533774f7dd5c721e4db69bd665",
    "settings": {
      "fd_thres": 0.2,
      "testing": false
    },
    "software": "mriqc",
    "version": "23.1.0"
  },
  "size_t": 178,
  "size_x": 64,
  "size_y": 64,
  "size_z": 50,
  "snr": 4.133157967003883,
  "spacing_tr": 3.0,
  "spacing_x": 3.0,
  "spacing_y": 3.0,
  "spacing_z": 3.0,
  "summary_bg_k": 17.484203530072385,
  "summary_bg_mad": 18.016113371389878,
  "summary_bg_mean": 74.99327862120673,
  "summary_bg_median": 38.117977142333984,
  "summary_bg_n": 150487.0,
  "summary_bg_p05": 24.84831428527832,
  "summary_bg_p95": 262.5281066894531,
  "summary_bg_stdv": 89.06892194960787,
  "summary_fg_k": 1.2732540993351131,
  "summary_fg_mad": 166.8677665032145,
  "summary_fg_mean": 830.346545495675,
  "summary_fg_median": 821.1854248046875,
  "summary_fg_n": 54313.0,
  "summary_fg_p05": 505.2415771484375,
  "summary_fg_p95": 1164.882080078125,
  "summary_fg_stdv": 198.68049360207831,
  "tsnr": 52.423819731455296
}