{
  "aor": 0.0011080337078651684,
  "aqi": 0.006109265617977528,
  "bids_meta": {
    "dataset": "ds001246",
    "modality": "bold",
    "run_id": 1,
    "session_id": "perceptionTest02",
    "subject_id": "01",
    "task_id": "perception"
  },
  "dummy_trs": 0,
  "dvars_nstd": 24.989515024519786,
  "dvars_std": 1.1114862336158198,
  "dvars_vstd": 1.0150342099999998,
  "efc": 0.5852559313065242,
  "fber": 464.96533203125,
  "fd_mean": 0.10322586091733461,
  "fd_num": 19,
  "fd_perc": 10.674157303370787,
  "fwhm_avg": 1.9423000000000001,
  "fwhm_x": 1.8392833333333334,
  "fwhm_y": 2.04417,
  "fwhm_z": 1.9434466666666665,
  "gcor": 0.021477,
  "gsr_x": 0.003499463899061084,
  "gsr_y": 0.03345266729593277,
  "provenance": {
    "md5sum": "be941394e6f88c07b2ca0af292db189f",
    "settings": {
      "fd_thres": 0.2,
      "testing": false
    },
    "software": "mriqc",
    "version": "23.1.0"
  },
  "size_t": 178,
  "size_x": 64,
  "size_y": 64,
  "size_z": 50,
  "snr": 4.109178827403761,
  "spacing_tr": 3.0,
  "spacing_x": 3.0,
  "spacing_y": 3.0,
  "spacing_z": 3.0,
  "summary_bg_k": 17.861865750625874,
  "summary_bg_mad": 18.199360186806942,
  "summary_bg_mean": 74.22259740631684,
  "summary_bg_median": 37.91011428833008,
  "summary_bg_n": 150534.0,
  "summary_bg_p05": 24.09550666809082,
  "summary_bg_p95": 260.2584228515625,
  "summary_bg_stdv": 88.91260662296021,
  "summary_fg_k": 1.2206895947171512,
  "summary_fg_mad": 166.95934325157435,
  "summary_fg_mean": 825.4412989558224,
  "summary_fg_median": 817.4578857421875,
  "summary_fg_n": 54266.0,
  "summary_fg_p05": 498.5730285644531,
  "summary_fg_p95": 1158.42138671875,
  "summary_fg_stdv": 198.93277661787923,
  "tsnr": 56.82558336679358
}