{
  "aor": 0.001045505617977528,
  "aqi": 0.008214735617977528,
  "bids_meta": {
    "dataset": "ds001246",
    "modality": "bold",
    "run_id": 7,
    "session_id": "perceptionTest02",
    "subject_id": "01",
    "task_id": "perception"
  },
  "dummy_trs": 0,
  "dvars_nstd": 27.254575341694903,
  "dvars_std": 1.0811908007909612,
  "dvars_vstd": 0.987799960338983,
  "efc": 0.5879421716799386,
  "fber": 451.0611267089844,
  "fd_mean": 0.15094499847684123,
  "fd_num": 44,
  "fd_perc": 24.719101123595507,
  "fwhm_avg": 1.934198888888889,
  "fwhm_x": 1.8354433333333333,
  "fwhm_y": 2.036986666666667,
  "fwhm_z": 1.9301666666666666,
  "gcor": 0.0202847,
  "gsr_x": 0.0037034135311841965,
  "gsr_y": 0.03388050198554993,
  "provenance": {
    "md5sum": "f21b29784c93be7f2f4b14661e0ebe80",
    "settings": {
      "fd_thres": 0.2,
      "testing": false
    },
    "software": "mriqc",
    "version": "23.1.0"
  },
  "size_t": 178,
  "size_x": 64,
  "size_y": 64,
  "size_z": 50,
  "snr": 4.130015276366753,
  "spacing_tr": 3.0,
  "spacing_x": 3.0,
  "spacing_y": 3.0,
  "spacing_z": 3.0,
  "summary_bg_k": 16.85069234689129,
  "summary_bg_mad": 18.557514519502693,
  "summary_bg_mean": 75.99702997302388,
  "summary_bg_median": 38.67977523803711,
  "summary_bg_n": 150451.0,
  "summary_bg_p05": 25.0112361907959,
  "summary_bg_p95": 263.3202209472656,
  "summary_bg_stdv": 89.47982493330875,
  "summary_fg_k": 1.3568743816601003,
  "summary_fg_mad": 166.51792884594263,
  "summary_fg_mean": 830.5153580980228,
  "summary_fg_median": 821.48876953125,
  "summary_fg_n": 54349.0,
  "summary_fg_p05": 506.85955810546875,
  "summary_fg_p95": 1164.438232421875,
  "summary_fg_stdv": 198.90512673495977,
  "tsnr": 50.50393824558705
}