{
  "aor": 0.002918314606741573,
  "aqi": 0.009491663876404495,
  "bids_meta": {
    "dataset": "ds001246",
    "modality": "bold",
    "run_id": 2,
    "session_id": "perceptionTest03",
    "subject_id": "02",
    "task_id": "perception"
  },
  "dummy_trs": 0,
  "dvars_nstd": 26.36038196141244,
  "dvars_std": 1.0953701481920906,
  "dvars_vstd": 1.0020341173446323,
  "efc": 0.5704533335026244,
  "fber": 459.7804260253906,
  "fd_mean": 0.10556200937617599,
  "fd_num": 19,
  "fd_perc": 10.674157303370787,
  "fwhm_avg": 1.9001844444444445,
  "fwhm_x": 1.7963633333333335,
  "fwhm_y": 2.0011366666666666,
  "fwhm_z": 1.9030533333333333,
  "gcor": 0.027133,
  "gsr_x": 0.015620939433574677,
  "gsr_y": 0.023865917697548866,
  "provenance": {
    "md5sum": "68c144e8a03a375fa0346178a2f9b2fc",
    "settings": {
      "fd_thres": 0.2,
      "testing": false
    },
    "software": "mriqc",
    "version": "23.1.0"
  },
  "size_t": 178,
  "size_x": 64,
  "size_y": 64,
  "size_z": 50,
  "snr": 4.081381125586924,
  "spacing_tr": 3.0,
  "spacing_x": 3.0,
  "spacing_y": 3.0,
  "spacing_z": 3.0,
  "summary_bg_k": 21.1043307529075,
  "summary_bg_mad": 19.11557446901706,
  "summary_bg_mean": 78.57252372308069,
  "summary_bg_median": 40.10112380981445,
  "summary_bg_n": 155156.0,
  "summary_bg_p05": 25.921348571777344,
  "summary_bg_p95": 295.7921447753906,
  "summary_bg_stdv": 99.91266632054612,
  "summary_fg_k": 1.5801368276953864,
  "summary_fg_mad": 166.58453011747707,
  "summary_fg_mean": 872.9263956945013,
  "summary_fg_median": 859.8679809570312,
  "summary_fg_n": 49644.0,
  "summary_fg_p05": 535.6011352539062,
  "summary_fg_p95": 1246.2191162109375,
  "summary_fg_stdv": 210.67851644174144,
  "tsnr": 49.500674984185025
}