{
  "aor": 0.0004838967136150235,
  "aqi": 0.007477369436619718,
  "bids_meta": {
    "dataset": "ds001246",
    "modality": "bold",
    "run_id": 2,
    "session_id": "imageryTest02",
    "subject_id": "04",
    "task_id": "imagery"
  },
  "dummy_trs": 0,
  "dvars_nstd": 24.30844370806604,
  "dvars_std": 1.0778001222641505,
  "dvars_vstd": 0.9892609179716979,
  "efc": 0.5720284824656742,
  "fber": 529.4658203125,
  "fd_mean": 0.06638621488903024,
  "fd_num": 6,
  "fd_perc": 2.816901408450704,
  "fwhm_avg": 1.9490488343226513,
  "fwhm_x": 1.83216,
  "fwhm_y": 2.0598065029679535,
  "fwhm_z": 1.9551800000000001,
  "gcor": 0.0763511,
  "gsr_x": -0.0019595720805227757,
  "gsr_y": 0.03241466358304024,
  "provenance": {
    "md5sum": "167433b6f6517c7f40574f9fdff89006",
    "settings": {
      "fd_thres": 0.2,
      "testing": false
    },
    "software": "mriqc",
    "version": "23.1.0"
  },
  "size_t": 213,
  "size_x": 64,
  "size_y": 64,
  "size_z": 50,
  "snr": 4.408503830537122,
  "spacing_tr": 3.0,
  "spacing_x": 3.0,
  "spacing_y": 3.000000238418579,
  "spacing_z": 3.0,
  "summary_bg_k": 22.37907852421458,
  "summary_bg_mad": 15.890989298725279,
  "summary_bg_mean": 71.75776209455155,
  "summary_bg_median": 35.708919525146484,
  "summary_bg_n": 154145.0,
  "summary_bg_p05": 23.94835662841797,
  "summary_bg_p95": 262.7511901855469,
  "summary_bg_stdv": 90.23315989043324,
  "summary_fg_k": 1.3242070853143533,
  "summary_fg_mad": 150.93314081602762,
  "summary_fg_mean": 822.5320034102783,
  "summary_fg_median": 821.6666870117188,
  "summary_fg_n": 50655.0,
  "summary_fg_p05": 495.2629089355469,
  "summary_fg_p95": 1121.1878662109375,
  "summary_fg_stdv": 186.38037033331062,
  "tsnr": 58.95978210121393
}