{
  "aor": 0.00042286384976525826,
  "aqi": 0.005988088403755868,
  "bids_meta": {
    "dataset": "ds001246",
    "modality": "bold",
    "run_id": 5,
    "session_id": "imageryTest02",
    "subject_id": "04",
    "task_id": "imagery"
  },
  "dummy_trs": 0,
  "dvars_nstd": 23.60585267599057,
  "dvars_std": 1.0855368454245282,
  "dvars_vstd": 0.9974595580188683,
  "efc": 0.5743059375405397,
  "fber": 514.068603515625,
  "fd_mean": 0.06372603335950386,
  "fd_num": 7,
  "fd_perc": 3.2863849765258215,
  "fwhm_avg": 1.951417722915106,
  "fwhm_x": 1.8428466666666665,
  "fwhm_y": 2.070996502078652,
  "fwhm_z": 1.94041,
  "gcor": 0.0803204,
  "gsr_x": -0.0016015556175261736,
  "gsr_y": 0.0328962504863739,
  "provenance": {
    "md5sum": "16074662ecf5a321c6a0b3b42edd314c",
    "settings": {
      "fd_thres": 0.2,
      "testing": false
    },
    "software": "mriqc",
    "version": "23.1.0"
  },
  "size_t": 213,
  "size_x": 64,
  "size_y": 64,
  "size_z": 50,
  "snr": 4.413325949214009,
  "spacing_tr": 3.0,
  "spacing_x": 3.0,
  "spacing_y": 3.000000238418579,
  "spacing_z": 3.0,
  "summary_bg_k": 21.361777243376537,
  "summary_bg_mad": 16.44087679262082,
  "summary_bg_mean": 73.25425690607916,
  "summary_bg_median": 36.34741973876953,
  "summary_bg_n": 154099.0,
  "summary_bg_p05": 24.28169059753418,
  "summary_bg_p95": 266.6103210449219,
  "summary_bg_stdv": 91.47706024764557,
  "summary_fg_k": 1.3234751966797518,
  "summary_fg_mad": 151.58042192375288,
  "summary_fg_mean": 824.1466371246547,
  "summary_fg_median": 824.1079711914062,
  "summary_fg_n": 50701.0,
  "summary_fg_p05": 497.3990783691406,
  "summary_fg_p95": 1123.3990478515625,
  "summary_fg_stdv": 186.72988433153282,
  "tsnr": 63.93606620118953
}