{
  "aor": 0.001028638497652582,
  "aqi": 0.007549325023474178,
  "bids_meta": {
    "dataset": "ds001246",
    "modality": "bold",
    "run_id": 8,
    "session_id": "imageryTest02",
    "subject_id": "05",
    "task_id": "imagery"
  },
  "dummy_trs": 0,
  "dvars_nstd": 25.143567607122634,
  "dvars_std": 1.1107376274056608,
  "dvars_vstd": 1.0046952153773583,
  "efc": 0.5610127619170374,
  "fber": 517.547119140625,
  "fd_mean": 0.07756178497838846,
  "fd_num": 3,
  "fd_perc": 1.408450704225352,
  "fwhm_avg": 1.8894366666666667,
  "fwhm_x": 1.7922233333333333,
  "fwhm_y": 1.9894266666666667,
  "fwhm_z": 1.88666,
  "gcor": 0.0495744,
  "gsr_x": -0.000356624077539891,
  "gsr_y": 0.03270437940955162,
  "provenance": {
    "md5sum": "0297aeb69b44af31acc483be451d3a77",
    "settings": {
      "fd_thres": 0.2,
      "testing": false
    },
    "software": "mriqc",
    "version": "23.1.0"
  },
  "size_t": 213,
  "size_x": 64,
  "size_y": 64,
  "size_z": 50,
  "snr": 4.100200007554294,
  "spacing_tr": 3.0,
  "spacing_x": 3.0,
  "spacing_y": 3.0,
  "spacing_z": 3.0,
  "summary_bg_k": 21.88160787433624,
  "summary_bg_mad": 15.529040005669506,
  "summary_bg_mean": 64.03073906874953,
  "summary_bg_median": 34.62910842895508,
  "summary_bg_n": 154808.0,
  "summary_bg_p05": 22.1126766204834,
  "summary_bg_p95": 218.7793426513672,
  "summary_bg_stdv": 76.07010797721875,
  "summary_fg_k": 1.1902567824055161,
  "summary_fg_mad": 157.14194481488113,
  "summary_fg_mean": 800.7198578678411,
  "summary_fg_median": 787.8005065917969,
  "summary_fg_n": 49992.0,
  "summary_fg_p05": 488.7934265136719,
  "summary_fg_p95": 1139.6337890625,
  "summary_fg_stdv": 192.13517043929556,
  "tsnr": 56.689072585548274
}