{
  "aor": 0.0009704694835680752,
  "aqi": 0.009293015117370892,
  "bids_meta": {
    "dataset": "ds001246",
    "modality": "bold",
    "run_id": 3,
    "session_id": "imageryTest02",
    "subject_id": "05",
    "task_id": "imagery"
  },
  "dummy_trs": 0,
  "dvars_nstd": 24.490467395330203,
  "dvars_std": 1.0664478895754719,
  "dvars_vstd": 0.9815123553773584,
  "efc": 0.5577459643714853,
  "fber": 553.811279296875,
  "fd_mean": 0.11323990466830477,
  "fd_num": 30,
  "fd_perc": 14.084507042253522,
  "fwhm_avg": 1.8630488888888888,
  "fwhm_x": 1.7602933333333333,
  "fwhm_y": 1.9530333333333332,
  "fwhm_z": 1.87582,
  "gcor": 0.0428354,
  "gsr_x": 0.0004657034296542406,
  "gsr_y": 0.03410650044679642,
  "provenance": {
    "md5sum": "26f5e1ddf363d2fd598c8e119b044e88",
    "settings": {
      "fd_thres": 0.2,
      "testing": false
    },
    "software": "mriqc",
    "version": "23.1.0"
  },
  "size_t": 213,
  "size_x": 64,
  "size_y": 64,
  "size_z": 50,
  "snr": 4.115599855418072,
  "spacing_tr": 3.0,
  "spacing_x": 3.0,
  "spacing_y": 3.0,
  "spacing_z": 3.0,
  "summary_bg_k": 22.893235815871392,
  "summary_bg_mad": 14.61720321871819,
  "summary_bg_mean": 62.57502859150776,
  "summary_bg_median": 33.52112579345703,
  "summary_bg_n": 154877.0,
  "summary_bg_p05": 21.21596336364746,
  "summary_bg_p95": 216.8403778076172,
  "summary_bg_stdv": 76.5954219428798,
  "summary_fg_k": 1.1409648887886474,
  "summary_fg_mad": 157.42730773578307,
  "summary_fg_mean": 802.0640599286306,
  "summary_fg_median": 788.8591918945312,
  "summary_fg_n": 49923.0,
  "summary_fg_p05": 490.2817077636719,
  "summary_fg_p95": 1138.408447265625,
  "summary_fg_stdv": 191.67346651968057,
  "tsnr": 53.18698386196047
}