{
  "aor": 0.0007505164319248825,
  "aqi": 0.009282797981220656,
  "bids_meta": {
    "dataset": "ds001246",
    "modality": "bold",
    "run_id": 5,
    "session_id": "imageryTest02",
    "subject_id": "05",
    "task_id": "imagery"
  },
  "dummy_trs": 0,
  "dvars_nstd": 24.233315548679247,
  "dvars_std": 1.0856284307075483,
  "dvars_vstd": 0.9913227371226421,
  "efc": 0.5598531914904751,
  "fber": 532.709228515625,
  "fd_mean": 0.09254956573432753,
  "fd_num": 10,
  "fd_perc": 4.694835680751174,
  "fwhm_avg": 1.8784444444444441,
  "fwhm_x": 1.7795633333333332,
  "fwhm_y": 1.96875,
  "fwhm_z": 1.88702,
  "gcor": 0.0428131,
  "gsr_x": 0.000665644824039191,
  "gsr_y": 0.032893940806388855,
  "provenance": {
    "md5sum": "52887d1a05deb7d08542de03efd8d1ed",
    "settings": {
      "fd_thres": 0.2,
      "testing": false
    },
    "software": "mriqc",
    "version": "23.1.0"
  },
  "size_t": 213,
  "size_x": 64,
  "size_y": 64,
  "size_z": 50,
  "snr": 4.111842939985158,
  "spacing_tr": 3.0,
  "spacing_x": 3.0,
  "spacing_y": 3.0,
  "spacing_z": 3.0,
  "summary_bg_k": 21.362077392614324,
  "summary_bg_mad": 15.139250634562762,
  "summary_bg_mean": 63.46698973908488,
  "summary_bg_median": 34.17840576171875,
  "summary_bg_n": 154793.0,
  "summary_bg_p05": 21.981220245361328,
  "summary_bg_p95": 218.56338500976562,
  "summary_bg_stdv": 76.23705126159157,
  "summary_fg_k": 1.1527250756058072,
  "summary_fg_mad": 156.43887609315996,
  "summary_fg_mean": 801.7398204573092,
  "summary_fg_median": 788.8544921875,
  "summary_fg_n": 50007.0,
  "summary_fg_p05": 485.9107971191406,
  "summary_fg_p95": 1139.3521728515625,
  "summary_fg_stdv": 191.84745531896098,
  "tsnr": 53.24221376213245
}