{
  "aor": 0.000671685393258427,
  "aqi": 0.005316210898876405,
  "bids_meta": {
    "dataset": "ds001246",
    "modality": "bold",
    "run_id": 2,
    "session_id": "perceptionTest04",
    "subject_id": "03",
    "task_id": "perception"
  },
  "dummy_trs": 0,
  "dvars_nstd": 25.663200152090393,
  "dvars_std": 1.1424181857627116,
  "dvars_vstd": 1.0082741771751416,
  "efc": 0.5752340967578448,
  "fber": 492.1474609375,
  "fd_mean": 0.07590254501080296,
  "fd_num": 8,
  "fd_perc": 4.49438202247191,
  "fwhm_avg": 1.9847922222222223,
  "fwhm_x": 1.8539266666666665,
  "fwhm_y": 2.08048,
  "fwhm_z": 2.0199700000000003,
  "gcor": 0.0320334,
  "gsr_x": -0.005729218944907188,
  "gsr_y": 0.044082507491111755,
  "provenance": {
    "md5sum": "6880d669f199659caccfac4b8ce74778",
    "settings": {
      "fd_thres": 0.2,
      "testing": false
    },
    "software": "mriqc",
    "version": "23.1.0"
  },
  "size_t": 178,
  "size_x": 64,
  "size_y": 64,
  "size_z": 50,
  "snr": 4.045453739667594,
  "spacing_tr": 3.0,
  "spacing_x": 3.0,
  "spacing_y": 3.0,
  "spacing_z": 3.0,
  "summary_bg_k": 23.98361124891254,
  "summary_bg_mad": 17.87452062907498,
  "summary_bg_mean": 77.35047633392095,
  "summary_bg_median": 37.23033905029297,
  "summary_bg_n": 154014.0,
  "summary_bg_p05": 24.106740951538086,
  "summary_bg_p95": 277.994384765625,
  "summary_bg_stdv": 99.31609454617858,
  "summary_fg_k": 1.3432546002128678,
  "summary_fg_mad": 174.76802562098322,
  "summary_fg_mean": 843.3349828524048,
  "summary_fg_median": 825.9326171875,
  "summary_fg_n": 50786.0,
  "summary_fg_p05": 522.3146362304688,
  "summary_fg_p95": 1198.6573486328125,
  "summary_fg_stdv": 204.16114947746956,
  "tsnr": 62.6408600686118
}