{
  "aor": 0.0006025280898876404,
  "aqi": 0.005159491123595506,
  "bids_meta": {
    "dataset": "ds001246",
    "modality": "bold",
    "run_id": 4,
    "session_id": "perceptionTest04",
    "subject_id": "03",
    "task_id": "perception"
  },
  "dummy_trs": 0,
  "dvars_nstd": 25.166592226610177,
  "dvars_std": 1.139774772033898,
  "dvars_vstd": 1.0114996532203386,
  "efc": 0.5751120831465589,
  "fber": 492.6231689453125,
  "fd_mean": 0.07358203372137839,
  "fd_num": 6,
  "fd_perc": 3.3707865168539324,
  "fwhm_avg": 1.989728888888889,
  "fwhm_x": 1.8624933333333333,
  "fwhm_y": 2.0897366666666666,
  "fwhm_z": 2.0169566666666667,
  "gcor": 0.0366866,
  "gsr_x": -0.005359751638025045,
  "gsr_y": 0.04480702802538872,
  "provenance": {
    "md5sum": "5724eeee35ca985fa78a5eab40949340",
    "settings": {
      "fd_thres": 0.2,
      "testing": false
    },
    "software": "mriqc",
    "version": "23.1.0"
  },
  "size_t": 178,
  "size_x": 64,
  "size_y": 64,
  "size_z": 50,
  "snr": 4.040994077793313,
  "spacing_tr": 3.0,
  "spacing_x": 3.0,
  "spacing_y": 3.0,
  "spacing_z": 3.0,
  "summary_bg_k": 23.456802056348028,
  "summary_bg_mad": 17.791226622067224,
  "summary_bg_mean": 77.40558861098816,
  "summary_bg_median": 37.258426666259766,
  "summary_bg_n": 154055.0,
  "summary_bg_p05": 24.37640380859375,
  "summary_bg_p95": 277.7415771484375,
  "summary_bg_stdv": 99.00511149132859,
  "summary_fg_k": 1.3501458531975876,
  "summary_fg_mad": 175.03863853202088,
  "summary_fg_mean": 844.5598894517497,
  "summary_fg_median": 826.955078125,
  "summary_fg_n": 50745.0,
  "summary_fg_p05": 523.1516723632812,
  "summary_fg_p95": 1200.7415771484375,
  "summary_fg_stdv": 204.63948078661588,
  "tsnr": 64.7247385205701
}