{
  "aor": 0.0004256179775280899,
  "aqi": 0.005099582247191012,
  "bids_meta": {
    "dataset": "ds001246",
    "modality": "bold",
    "run_id": 5,
    "session_id": "perceptionTest04",
    "subject_id": "03",
    "task_id": "perception"
  },
  "dummy_trs": 0,
  "dvars_nstd": 24.622051573333344,
  "dvars_std": 1.1267931628248582,
  "dvars_vstd": 1.0059439466101696,
  "efc": 0.575901995560621,
  "fber": 489.0517883300781,
  "fd_mean": 0.07077927435871637,
  "fd_num": 5,
  "fd_perc": 2.808988764044944,
  "fwhm_avg": 1.9822077777777778,
  "fwhm_x": 1.8579166666666669,
  "fwhm_y": 2.0787133333333334,
  "fwhm_z": 2.0099933333333335,
  "gcor": 0.0309126,
  "gsr_x": -0.005687248893082142,
  "gsr_y": 0.0445866584777832,
  "provenance": {
    "md5sum": "8591c635a563abd56f8c80670c95bf6d",
    "settings": {
      "fd_thres": 0.2,
      "testing": false
    },
    "software": "mriqc",
    "version": "23.1.0"
  },
  "size_t": 178,
  "size_x": 64,
  "size_y": 64,
  "size_z": 50,
  "snr": 4.042165534776588,
  "spacing_tr": 3.0,
  "spacing_x": 3.0,
  "spacing_y": 3.0,
  "spacing_z": 3.0,
  "summary_bg_k": 23.43201353374652,
  "summary_bg_mad": 18.116063351959873,
  "summary_bg_mean": 77.80931990103119,
  "summary_bg_median": 37.43258285522461,
  "summary_bg_n": 153977.0,
  "summary_bg_p05": 23.91573143005371,
  "summary_bg_p95": 278.5561828613281,
  "summary_bg_stdv": 99.20321146110396,
  "summary_fg_k": 1.3420414161590246,
  "summary_fg_mad": 174.35570402621877,
  "summary_fg_mean": 845.3082135462848,
  "summary_fg_median": 827.8034057617188,
  "summary_fg_n": 50823.0,
  "summary_fg_p05": 522.516845703125,
  "summary_fg_p95": 1200.7022705078125,
  "summary_fg_stdv": 204.79004499337773,
  "tsnr": 63.916339985327795
}