{
  "aor": 0.0009845197740112994,
  "aqi": 0.005673191864406781,
  "bids_meta": {
    "dataset": "ds001246",
    "modality": "bold",
    "run_id": 1,
    "session_id": "perceptionTest04",
    "subject_id": "03",
    "task_id": "perception"
  },
  "dummy_trs": 1,
  "dvars_nstd": 24.515115857386363,
  "dvars_std": 1.118943635056818,
  "dvars_vstd": 1.0024904471590903,
  "efc": 0.5743459470652816,
  "fber": 491.61541748046875,
  "fd_mean": 0.06097018567168206,
  "fd_num": 8,
  "fd_perc": 4.519774011299435,
  "fwhm_avg": 1.983871111111111,
  "fwhm_x": 1.85248,
  "fwhm_y": 2.083483333333333,
  "fwhm_z": 2.01565,
  "gcor": 0.0242096,
  "gsr_x": -0.00570910656824708,
  "gsr_y": 0.0444832406938076,
  "provenance": {
    "md5sum": "5551e9ca962e208437d9d7139317c611",
    "settings": {
      "fd_thres": 0.2,
      "testing": false
    },
    "software": "mriqc",
    "version": "23.1.0"
  },
  "size_t": 177,
  "size_x": 64,
  "size_y": 64,
  "size_z": 50,
  "snr": 4.056103163732904,
  "spacing_tr": 3.0,
  "spacing_x": 3.0,
  "spacing_y": 3.0,
  "spacing_z": 3.0,
  "summary_bg_k": 24.06133666184126,
  "summary_bg_mad": 17.799605509956002,
  "summary_bg_mean": 75.76806712461088,
  "summary_bg_median": 36.93220520019531,
  "summary_bg_n": 154047.0,
  "summary_bg_p05": 23.20339012145996,
  "summary_bg_p95": 270.5649719238281,
  "summary_bg_stdv": 96.56741134824388,
  "summary_fg_k": 1.311468484428545,
  "summary_fg_mad": 172.60171972438195,
  "summary_fg_mean": 834.5090045029642,
  "summary_fg_median": 818.875732421875,
  "summary_fg_n": 50753.0,
  "summary_fg_p05": 513.8643798828125,
  "summary_fg_p95": 1185.2203369140625,
  "summary_fg_stdv": 201.8853150579619,
  "tsnr": 60.74385678186081
}