{
  "bids_meta": {
    "dataset": "ds001246",
    "modality": "T1w",
    "session_id": "anatomy",
    "subject_id": "01"
  },
  "cjv": 0.6734825456477674,
  "cnr": 1.4646106925592848,
  "efc": 0.5658183678313634,
  "fber": 14306.177420525477,
  "fwhm_avg": 3.744623333333333,
  "fwhm_x": 3.87002,
  "fwhm_y": 3.82878,
  "fwhm_z": 3.53507,
  "icvs_csf": 0.2663494665959387,
  "icvs_gm": 0.37479288781625353,
  "icvs_wm": 0.3588576455878078,
  "inu_med": 0.596764862537384,
  "inu_range": 0.2611619532108307,
  "provenance": {
    "md5sum": "67e0a5c978347e6547d00b864693f02c",
    "settings": {
      "testing": false
    },
    "software": "mriqc",
    "version": "23.1.0",
    "warnings": {
      "large_rot_frame": true,
      "small_air_mask": false
    }
  },
  "qi_1": 0.0,
  "qi_2": 0.0014800888982201992,
  "rpve_csf": 7.5152332746860715,
  "rpve_gm": 7.407710459447628,
  "rpve_wm": 7.512219995203914,
  "size_x": 192,
  "size_y": 256,
  "size_z": 256,
  "snr_csf": 2.4429224215113527,
  "snr_gm": 5.496091808758522,
  "snr_total": 6.29774176456058,
  "snr_wm": 10.954211063411867,
  "snrd_csf": 30.352727132285555,
  "snrd_gm": 46.94379603305588,
  "snrd_total": 46.42548412129079,
  "snrd_wm": 61.97992919853093,
  "spacing_x": 1.0,
  "spacing_y": 1.0,
  "spacing_z": 1.0,
  "summary_bg_k": 9.666208093739115,
  "summary_bg_mad": 0.0,
  "summary_bg_mean": 6.312375987368253,
  "summary_bg_median": 0.0,
  "summary_bg_n": 3711479.0,
  "summary_bg_p05": 0.0,
  "summary_bg_p95": 26.12124240770936,
  "summary_bg_stdv": 9.955107007149564,
  "summary_csf_k": -0.1307593295705889,
  "summary_csf_mad": 139.82272036976363,
  "summary_csf_mean": 467.2249472290218,
  "summary_csf_median": 461.224023822695,
  "summary_csf_n": 439101.33370903914,
  "summary_csf_p05": 172.7596931271255,
  "summary_csf_p95": 766.4743693396449,
  "summary_csf_stdv": 188.79989580110438,
  "summary_gm_k": -0.29547549144135843,
  "summary_gm_mad": 84.89083084238646,
  "summary_gm_mean": 720.3086030817351,
  "summary_gm_median": 713.3331514336169,
  "summary_gm_n": 617880.1820333309,
  "summary_gm_p05": 511.32114577665925,
  "summary_gm_p95": 954.5125250071287,
  "summary_gm_stdv": 129.7890572086743,
  "summary_wm_k": -0.24015727044609703,
  "summary_wm_mad": 68.98723215292672,
  "summary_wm_mean": 929.4028344314307,
  "summary_wm_median": 941.8142961785197,
  "summary_wm_n": 591609.4850992834,
  "summary_wm_p05": 766.5033607296646,
  "summary_wm_p95": 1051.0538537725806,
  "summary_wm_stdv": 85.97730085260088,
  "tpm_overlap_csf": 0.2191436093283214,
  "tpm_overlap_gm": 0.5165350280203329,
  "tpm_overlap_wm": 0.5470149482919195,
  "wm2max": 0.6344797953164977
}