{
  "aor": 0.0006208426966292134,
  "aqi": 0.004411611797752809,
  "bids_meta": {
    "dataset": "ds001246",
    "modality": "bold",
    "run_id": 3,
    "session_id": "perceptionTraining03",
    "subject_id": "04",
    "task_id": "perception"
  },
  "dummy_trs": 0,
  "dvars_nstd": 22.68199413107344,
  "dvars_std": 1.0949667535593222,
  "dvars_vstd": 1.0152576009604524,
  "efc": 0.5685113055789583,
  "fber": 546.7986450195312,
  "fd_mean": 0.04196372939249045,
  "fd_num": 3,
  "fd_perc": 1.6853932584269662,
  "fwhm_avg": 1.9810533333333333,
  "fwhm_x": 1.8749799999999999,
  "fwhm_y": 2.07322,
  "fwhm_z": 1.99496,
  "gcor": 0.0484158,
  "gsr_x": -0.0002781326475087553,
  "gsr_y": 0.02988557144999504,
  "provenance": {
    "md5sum": "e0d7a54bebd9d8f27076f82f818033d8",
    "settings": {
      "fd_thres": 0.2,
      "testing": false
    },
    "software": "mriqc",
    "version": "23.1.0"
  },
  "size_t": 178,
  "size_x": 64,
  "size_y": 64,
  "size_z": 50,
  "snr": 4.377812531273918,
  "spacing_tr": 3.0,
  "spacing_x": 3.0,
  "spacing_y": 3.0,
  "spacing_z": 3.0,
  "summary_bg_k": 19.315152473165487,
  "summary_bg_mad": 14.875998589260673,
  "summary_bg_mean": 69.59638451763527,
  "summary_bg_median": 35.005619049072266,
  "summary_bg_n": 154489.0,
  "summary_bg_p05": 24.13483238220215,
  "summary_bg_p95": 252.54495239257812,
  "summary_bg_stdv": 85.6462334401733,
  "summary_fg_k": 1.2128961103902238,
  "summary_fg_mad": 153.77410130491822,
  "summary_fg_mean": 820.0719379563728,
  "summary_fg_median": 818.5618286132812,
  "summary_fg_n": 50311.0,
  "summary_fg_p05": 494.505615234375,
  "summary_fg_p95": 1121.859619140625,
  "summary_fg_stdv": 186.9777857564384,
  "tsnr": 67.63303496362641
}