{
  "aor": 0.0006269101123595505,
  "aqi": 0.0047360879775280905,
  "bids_meta": {
    "dataset": "ds001246",
    "modality": "bold",
    "run_id": 8,
    "session_id": "perceptionTraining03",
    "subject_id": "04",
    "task_id": "perception"
  },
  "dummy_trs": 0,
  "dvars_nstd": 22.815401702203392,
  "dvars_std": 1.0817863128248593,
  "dvars_vstd": 1.013652016327683,
  "efc": 0.5705758764571263,
  "fber": 528.2649536132812,
  "fd_mean": 0.05836896918900929,
  "fd_num": 4,
  "fd_perc": 2.247191011235955,
  "fwhm_avg": 1.9903699999999998,
  "fwhm_x": 1.8884866666666669,
  "fwhm_y": 2.0941899999999998,
  "fwhm_z": 1.9884333333333333,
  "gcor": 0.0311049,
  "gsr_x": 0.0011800542706623673,
  "gsr_y": 0.029431084170937538,
  "provenance": {
    "md5sum": "48ffb43f1c40aa7ddb93e8998f63b590",
    "settings": {
      "fd_thres": 0.2,
      "testing": false
    },
    "software": "mriqc",
    "version": "23.1.0"
  },
  "size_t": 178,
  "size_x": 64,
  "size_y": 64,
  "size_z": 50,
  "snr": 4.364110602524808,
  "spacing_tr": 3.0,
  "spacing_x": 3.0,
  "spacing_y": 3.0,
  "spacing_z": 3.0,
  "summary_bg_k": 18.662354525013534,
  "summary_bg_mad": 15.200835319153322,
  "summary_bg_mean": 70.3600199958132,
  "summary_bg_median": 35.494380950927734,
  "summary_bg_n": 154409.0,
  "summary_bg_p05": 24.41573143005371,
  "summary_bg_p95": 252.19100952148438,
  "summary_bg_stdv": 85.66006888282479,
  "summary_fg_k": 1.225020565669765,
  "summary_fg_mad": 152.666402711368,
  "summary_fg_mean": 816.0966449265244,
  "summary_fg_median": 815.8034057617188,
  "summary_fg_n": 50391.0,
  "summary_fg_p05": 488.01123046875,
  "summary_fg_p95": 1115.6124267578125,
  "summary_fg_stdv": 186.93277629497877,
  "tsnr": 65.71393907652237
}