{
  "aor": 0.003702971428571429,
  "aqi": 0.010497292628571428,
  "bids_meta": {
    "dataset": "ds001246",
    "modality": "bold",
    "run_id": 4,
    "session_id": "perceptionTest02",
    "subject_id": "02",
    "task_id": "perception"
  },
  "dummy_trs": 3,
  "dvars_nstd": 27.748931972528744,
  "dvars_std": 1.1092411541379321,
  "dvars_vstd": 0.9758564795402299,
  "efc": 0.5716783219282963,
  "fber": 447.84063720703125,
  "fd_mean": 0.12208991274913956,
  "fd_num": 17,
  "fd_perc": 9.714285714285714,
  "fwhm_avg": 1.8865100000000001,
  "fwhm_x": 1.7947300000000002,
  "fwhm_y": 1.9830333333333332,
  "fwhm_z": 1.8817666666666666,
  "gcor": 0.0267045,
  "gsr_x": 0.02055022493004799,
  "gsr_y": 0.024385930970311165,
  "provenance": {
    "md5sum": "ebb7a86843dcfe9ac747a8619033ab21",
    "settings": {
      "fd_thres": 0.2,
      "testing": false
    },
    "software": "mriqc",
    "version": "23.1.0"
  },
  "size_t": 175,
  "size_x": 64,
  "size_y": 64,
  "size_z": 50,
  "snr": 4.169638722058585,
  "spacing_tr": 3.0,
  "spacing_x": 3.0,
  "spacing_y": 3.0,
  "spacing_z": 3.0,
  "summary_bg_k": 21.974350118972577,
  "summary_bg_mad": 19.138276363033636,
  "summary_bg_mean": 79.72335633537782,
  "summary_bg_median": 40.50285720825195,
  "summary_bg_n": 155695.0,
  "summary_bg_p05": 26.457141876220703,
  "summary_bg_p95": 297.5657043457031,
  "summary_bg_stdv": 102.13877257317618,
  "summary_fg_k": 1.7700907408988815,
  "summary_fg_mad": 161.8493244967519,
  "summary_fg_mean": 865.3360422351722,
  "summary_fg_median": 857.1314086914062,
  "summary_fg_n": 49105.0,
  "summary_fg_p05": 532.69140625,
  "summary_fg_p95": 1219.971435546875,
  "summary_fg_stdv": 205.56281688759958,
  "tsnr": 50.421533988788724
}