{
  "aor": 0.002052752808988764,
  "aqi": 0.00803944786516854,
  "bids_meta": {
    "dataset": "ds001246",
    "modality": "bold",
    "run_id": 6,
    "session_id": "perceptionTest02",
    "subject_id": "02",
    "task_id": "perception"
  },
  "dummy_trs": 0,
  "dvars_nstd": 28.16136910807909,
  "dvars_std": 1.1718505623163837,
  "dvars_vstd": 1.0229573634463274,
  "efc": 0.5715395457818374,
  "fber": 451.0473937988281,
  "fd_mean": 0.12789223710741254,
  "fd_num": 34,
  "fd_perc": 19.10112359550562,
  "fwhm_avg": 1.8834888888888888,
  "fwhm_x": 1.7887633333333335,
  "fwhm_y": 1.9756099999999999,
  "fwhm_z": 1.8860933333333334,
  "gcor": 0.0393152,
  "gsr_x": 0.021329551935195923,
  "gsr_y": 0.024686099961400032,
  "provenance": {
    "md5sum": "49a9df4119ec4575234d19b04e946825",
    "settings": {
      "fd_thres": 0.2,
      "testing": false
    },
    "software": "mriqc",
    "version": "23.1.0"
  },
  "size_t": 178,
  "size_x": 64,
  "size_y": 64,
  "size_z": 50,
  "snr": 4.18266150716176,
  "spacing_tr": 3.0,
  "spacing_x": 3.0,
  "spacing_y": 3.0,
  "spacing_z": 3.0,
  "summary_bg_k": 22.096533423054094,
  "summary_bg_mad": 18.599160109086913,
  "summary_bg_mean": 79.32635814807529,
  "summary_bg_median": 40.19662857055664,
  "summary_bg_n": 155730.0,
  "summary_bg_p05": 26.589887619018555,
  "summary_bg_p95": 295.0505676269531,
  "summary_bg_stdv": 101.58228024819174,
  "summary_fg_k": 1.7095204278255673,
  "summary_fg_mad": 161.34547139905663,
  "summary_fg_mean": 862.3190699277061,
  "summary_fg_median": 853.6910400390625,
  "summary_fg_n": 49070.0,
  "summary_fg_p05": 531.8651733398438,
  "summary_fg_p95": 1213.449462890625,
  "summary_fg_stdv": 204.10026960744705,
  "tsnr": 53.795515562058426
}