{
  "aor": 0.00046638418079096046,
  "aqi": 0.0057029588700564975,
  "bids_meta": {
    "dataset": "ds001246",
    "modality": "bold",
    "run_id": 3,
    "session_id": "perceptionTest06",
    "subject_id": "05",
    "task_id": "perception"
  },
  "dummy_trs": 1,
  "dvars_nstd": 23.176394744545455,
  "dvars_std": 1.0663951494318173,
  "dvars_vstd": 0.9789278677272729,
  "efc": 0.5612630530343318,
  "fber": 515.8616333007812,
  "fd_mean": 0.06001385770581891,
  "fd_num": 4,
  "fd_perc": 2.2598870056497176,
  "fwhm_avg": 1.8892333333333333,
  "fwhm_x": 1.7889433333333333,
  "fwhm_y": 1.9750933333333334,
  "fwhm_z": 1.9036633333333333,
  "gcor": 0.0286674,
  "gsr_x": 0.0026674470864236355,
  "gsr_y": 0.030541518703103065,
  "provenance": {
    "md5sum": "c440e475ce6ff021ce3d24d29b3ead1a",
    "settings": {
      "fd_thres": 0.2,
      "testing": false
    },
    "software": "mriqc",
    "version": "23.1.0"
  },
  "size_t": 177,
  "size_x": 64,
  "size_y": 64,
  "size_z": 50,
  "snr": 4.006950997347598,
  "spacing_tr": 3.0,
  "spacing_x": 3.0,
  "spacing_y": 3.0,
  "spacing_z": 3.0,
  "summary_bg_k": 14.509752062865868,
  "summary_bg_mad": 16.47615126022954,
  "summary_bg_mean": 67.36934425651502,
  "summary_bg_median": 36.12994384765625,
  "summary_bg_n": 154882.0,
  "summary_bg_p05": 23.12994384765625,
  "summary_bg_p95": 234.01695251464844,
  "summary_bg_stdv": 78.83365613416368,
  "summary_fg_k": 1.2958228338352367,
  "summary_fg_mad": 164.40551025531795,
  "summary_fg_mean": 835.1929213586413,
  "summary_fg_median": 820.6045227050781,
  "summary_fg_n": 49918.0,
  "summary_fg_p05": 507.2598876953125,
  "summary_fg_p95": 1201.0960693359375,
  "summary_fg_stdv": 204.7931965431716,
  "tsnr": 60.97699877980631
}