{
  "aor": 0.00046039325842696626,
  "aqi": 0.007422711797752809,
  "bids_meta": {
    "dataset": "ds001246",
    "modality": "bold",
    "run_id": 2,
    "session_id": "perceptionTest06",
    "subject_id": "05",
    "task_id": "perception"
  },
  "dummy_trs": 0,
  "dvars_nstd": 23.585632658079103,
  "dvars_std": 1.0401903402824861,
  "dvars_vstd": 0.9611901002259894,
  "efc": 0.560508606615741,
  "fber": 517.9906005859375,
  "fd_mean": 0.06033278068140574,
  "fd_num": 3,
  "fd_perc": 1.6853932584269662,
  "fwhm_avg": 1.8810588888888888,
  "fwhm_x": 1.77476,
  "fwhm_y": 1.9711800000000002,
  "fwhm_z": 1.8972366666666665,
  "gcor": 0.0209219,
  "gsr_x": 0.0021054744720458984,
  "gsr_y": 0.03073686547577381,
  "provenance": {
    "md5sum": "e29cf443b1006ebbb05d98814f4a1f39",
    "settings": {
      "fd_thres": 0.2,
      "testing": false
    },
    "software": "mriqc",
    "version": "23.1.0"
  },
  "size_t": 178,
  "size_x": 64,
  "size_y": 64,
  "size_z": 50,
  "snr": 4.020878093199215,
  "spacing_tr": 3.0,
  "spacing_x": 3.0,
  "spacing_y": 3.0,
  "spacing_z": 3.0,
  "summary_bg_k": 14.981409118062057,
  "summary_bg_mad": 16.275306800758518,
  "summary_bg_mean": 66.81260721209755,
  "summary_bg_median": 35.98314666748047,
  "summary_bg_n": 154925.0,
  "summary_bg_p05": 23.174158096313477,
  "summary_bg_p95": 232.3314666748047,
  "summary_bg_stdv": 78.43017265932252,
  "summary_fg_k": 1.2806082367945617,
  "summary_fg_mad": 163.83587030381082,
  "summary_fg_mean": 833.8954646643923,
  "summary_fg_median": 818.955078125,
  "summary_fg_n": 49875.0,
  "summary_fg_p05": 506.46630859375,
  "summary_fg_p95": 1194.7696533203125,
  "summary_fg_stdv": 203.67363770441474,
  "tsnr": 57.86505250656046
}