{
  "aor": 0.0004945505617977528,
  "aqi": 0.005411098202247191,
  "bids_meta": {
    "dataset": "ds001246",
    "modality": "bold",
    "run_id": 4,
    "session_id": "perceptionTest02",
    "subject_id": "04",
    "task_id": "perception"
  },
  "dummy_trs": 0,
  "dvars_nstd": 24.650200525932206,
  "dvars_std": 1.1117340903954804,
  "dvars_vstd": 1.0100516763276837,
  "efc": 0.5722638637490514,
  "fber": 532.2236328125,
  "fd_mean": 0.07632407565472729,
  "fd_num": 10,
  "fd_perc": 5.617977528089888,
  "fwhm_avg": 1.9673299999999998,
  "fwhm_x": 1.8613,
  "fwhm_y": 2.0646733333333334,
  "fwhm_z": 1.9760166666666665,
  "gcor": 0.0772377,
  "gsr_x": 0.0005418562795966864,
  "gsr_y": 0.03276816010475159,
  "provenance": {
    "md5sum": "46c8235b90f9482e57f1371b91e484ea",
    "settings": {
      "fd_thres": 0.2,
      "testing": false
    },
    "software": "mriqc",
    "version": "23.1.0"
  },
  "size_t": 178,
  "size_x": 64,
  "size_y": 64,
  "size_z": 50,
  "snr": 4.391437102878316,
  "spacing_tr": 3.0,
  "spacing_x": 3.0,
  "spacing_y": 3.0,
  "spacing_z": 3.0,
  "summary_bg_k": 21.569667083774366,
  "summary_bg_mad": 15.542336506126151,
  "summary_bg_mean": 70.06607849133522,
  "summary_bg_median": 35.005619049072266,
  "summary_bg_n": 153995.0,
  "summary_bg_p05": 23.769662857055664,
  "summary_bg_p95": 251.05056762695312,
  "summary_bg_stdv": 86.63137002737307,
  "summary_fg_k": 1.2192362030619615,
  "summary_fg_mad": 151.42532059303275,
  "summary_fg_mean": 806.9013174564394,
  "summary_fg_median": 807.5786743164062,
  "summary_fg_n": 50805.0,
  "summary_fg_p05": 481.83709716796875,
  "summary_fg_p95": 1098.7921142578125,
  "summary_fg_stdv": 183.89668519247394,
  "tsnr": 64.32040079659782
}