{
  "aor": 0.0002129245283018868,
  "aqi": 0.010989249905660376,
  "bids_meta": {
    "dataset": "ds001246",
    "modality": "bold",
    "run_id": 3,
    "session_id": "imageryTest01",
    "subject_id": "03",
    "task_id": "imagery"
  },
  "dummy_trs": 1,
  "dvars_nstd": 22.716911297535546,
  "dvars_std": 0.9907108499526068,
  "dvars_vstd": 0.9317611972511844,
  "efc": 0.5715845399551965,
  "fber": 506.08013916015625,
  "fd_mean": 0.06128897795452007,
  "fd_num": 1,
  "fd_perc": 0.4716981132075472,
  "fwhm_avg": 1.9340388888888889,
  "fwhm_x": 1.81954,
  "fwhm_y": 2.0598366666666665,
  "fwhm_z": 1.9227400000000001,
  "gcor": 0.0066528,
  "gsr_x": -0.00437898887321353,
  "gsr_y": 0.04709550738334656,
  "provenance": {
    "md5sum": "05f595ecdc82a85c1b80a8e528fba13a",
    "settings": {
      "fd_thres": 0.2,
      "testing": false
    },
    "software": "mriqc",
    "version": "23.1.0"
  },
  "size_t": 212,
  "size_x": 64,
  "size_y": 64,
  "size_z": 50,
  "snr": 4.032424512109775,
  "spacing_tr": 3.0,
  "spacing_x": 3.0,
  "spacing_y": 3.0,
  "spacing_z": 3.0,
  "summary_bg_k": 28.718935891137594,
  "summary_bg_mad": 16.315620478025625,
  "summary_bg_mean": 74.19607915440068,
  "summary_bg_median": 36.24528503417969,
  "summary_bg_n": 154077.0,
  "summary_bg_p05": 23.58490562438965,
  "summary_bg_p95": 266.0566101074219,
  "summary_bg_stdv": 97.68482026256343,
  "summary_fg_k": 1.4938083054391091,
  "summary_fg_mad": 169.6810367895378,
  "summary_fg_mean": 830.302762070907,
  "summary_fg_median": 815.382080078125,
  "summary_fg_n": 50723.0,
  "summary_fg_p05": 510.8018798828125,
  "summary_fg_p95": 1179.8585205078125,
  "summary_fg_stdv": 202.20441572872932,
  "tsnr": 51.29175575450063
}