{
  "aor": 0.00039056338028169006,
  "aqi": 0.00945177544600939,
  "bids_meta": {
    "dataset": "ds001246",
    "modality": "bold",
    "run_id": 4,
    "session_id": "imageryTest01",
    "subject_id": "03",
    "task_id": "imagery"
  },
  "dummy_trs": 0,
  "dvars_nstd": 21.737204119905655,
  "dvars_std": 1.0021687914150954,
  "dvars_vstd": 0.9606650533962264,
  "efc": 0.5721785512674076,
  "fber": 495.98272705078125,
  "fd_mean": 0.05953955354903828,
  "fd_num": 2,
  "fd_perc": 0.9389671361502347,
  "fwhm_avg": 1.9225688888888888,
  "fwhm_x": 1.8105166666666666,
  "fwhm_y": 2.05193,
  "fwhm_z": 1.90526,
  "gcor": 0.00815017,
  "gsr_x": -0.004145280458033085,
  "gsr_y": 0.04681403562426567,
  "provenance": {
    "md5sum": "b5db927effd5e0f1f39768050b3771b5",
    "settings": {
      "fd_thres": 0.2,
      "testing": false
    },
    "software": "mriqc",
    "version": "23.1.0"
  },
  "size_t": 213,
  "size_x": 64,
  "size_y": 64,
  "size_z": 50,
  "snr": 4.026774160766307,
  "spacing_tr": 3.0,
  "spacing_x": 3.0,
  "spacing_y": 3.0,
  "spacing_z": 3.0,
  "summary_bg_k": 26.81128285237294,
  "summary_bg_mad": 16.955959240233852,
  "summary_bg_mean": 74.19413729968458,
  "summary_bg_median": 36.51173782348633,
  "summary_bg_n": 154015.0,
  "summary_bg_p05": 22.507041931152344,
  "summary_bg_p95": 266.9718322753906,
  "summary_bg_stdv": 96.89834924577974,
  "summary_fg_k": 1.4979565869472182,
  "summary_fg_mad": 169.5805014462297,
  "summary_fg_mean": 828.2975772016382,
  "summary_fg_median": 813.140869140625,
  "summary_fg_n": 50785.0,
  "summary_fg_p05": 508.64788818359375,
  "summary_fg_p95": 1178.4976806640625,
  "summary_fg_stdv": 201.93157870755002,
  "tsnr": 54.866557085188106
}