{
  "aor": 0.0009340112994350284,
  "aqi": 0.005068530169491525,
  "bids_meta": {
    "dataset": "ds001246",
    "modality": "bold",
    "run_id": 9,
    "session_id": "perceptionTest01",
    "subject_id": "04",
    "task_id": "perception"
  },
  "dummy_trs": 1,
  "dvars_nstd": 23.678615483409075,
  "dvars_std": 1.0942098776136362,
  "dvars_vstd": 1.009999947443182,
  "efc": 0.5742917776095119,
  "fber": 510.97412109375,
  "fd_mean": 0.05162730546493501,
  "fd_num": 2,
  "fd_perc": 1.1299435028248588,
  "fwhm_avg": 1.9747155555555558,
  "fwhm_x": 1.8689833333333334,
  "fwhm_y": 2.0708066666666665,
  "fwhm_z": 1.9843566666666668,
  "gcor": 0.063284,
  "gsr_x": 0.0015783181879669428,
  "gsr_y": 0.03057732619345188,
  "provenance": {
    "md5sum": "e930eadb39f83951493f3f43143c165a",
    "settings": {
      "fd_thres": 0.2,
      "testing": false
    },
    "software": "mriqc",
    "version": "23.1.0"
  },
  "size_t": 177,
  "size_x": 64,
  "size_y": 64,
  "size_z": 50,
  "snr": 4.366459422105888,
  "spacing_tr": 3.0,
  "spacing_x": 3.0,
  "spacing_y": 3.0,
  "spacing_z": 3.0,
  "summary_bg_k": 17.421984430019563,
  "summary_bg_mad": 16.794447197787814,
  "summary_bg_mean": 73.25607472824278,
  "summary_bg_median": 36.62711715698242,
  "summary_bg_n": 154008.0,
  "summary_bg_p05": 24.412429809570312,
  "summary_bg_p95": 264.76837158203125,
  "summary_bg_stdv": 89.50570013983268,
  "summary_fg_k": 1.3021231004433682,
  "summary_fg_mad": 155.30887150309718,
  "summary_fg_mean": 828.2771589756012,
  "summary_fg_median": 827.9463195800781,
  "summary_fg_n": 50792.0,
  "summary_fg_p05": 495.96044921875,
  "summary_fg_p95": 1135.5084228515625,
  "summary_fg_stdv": 189.61316003234202,
  "tsnr": 63.44210705766454
}