{
  "aor": 0.0011865168539325842,
  "aqi": 0.008593148988764045,
  "bids_meta": {
    "dataset": "ds001246",
    "modality": "bold",
    "run_id": 2,
    "session_id": "perceptionTest04",
    "subject_id": "01",
    "task_id": "perception"
  },
  "dummy_trs": 0,
  "dvars_nstd": 27.024685789435033,
  "dvars_std": 1.1132644715819204,
  "dvars_vstd": 1.0060903877401126,
  "efc": 0.5865308985541725,
  "fber": 459.81610107421875,
  "fd_mean": 0.14565363406716325,
  "fd_num": 33,
  "fd_perc": 18.53932584269663,
  "fwhm_avg": 1.902058888888889,
  "fwhm_x": 1.7841966666666667,
  "fwhm_y": 2.01362,
  "fwhm_z": 1.90836,
  "gcor": 0.0287721,
  "gsr_x": 0.0005996725521981716,
  "gsr_y": 0.03226885572075844,
  "provenance": {
    "md5sum": "042365d6e0bee794d57c17d07a792ed0",
    "settings": {
      "fd_thres": 0.2,
      "testing": false
    },
    "software": "mriqc",
    "version": "23.1.0"
  },
  "size_t": 178,
  "size_x": 64,
  "size_y": 64,
  "size_z": 50,
  "snr": 4.241270705529981,
  "spacing_tr": 3.0,
  "spacing_x": 3.0,
  "spacing_y": 3.0,
  "spacing_z": 3.0,
  "summary_bg_k": 17.673523663585982,
  "summary_bg_mad": 18.790732083445782,
  "summary_bg_mean": 75.24703039692608,
  "summary_bg_median": 38.65730285644531,
  "summary_bg_n": 150306.0,
  "summary_bg_p05": 23.157302856445312,
  "summary_bg_p95": 265.88201904296875,
  "summary_bg_stdv": 90.59049634880579,
  "summary_fg_k": 1.3645057519255985,
  "summary_fg_mad": 161.11639379186994,
  "summary_fg_mean": 838.6878879034844,
  "summary_fg_median": 828.9410400390625,
  "summary_fg_n": 54494.0,
  "summary_fg_p05": 518.6123657226562,
  "summary_fg_p95": 1170.955078125,
  "summary_fg_stdv": 195.44459473486526,
  "tsnr": 51.87452060985379
}