{
  "aor": 0.0013562921348314607,
  "aqi": 0.007937839831460673,
  "bids_meta": {
    "dataset": "ds001246",
    "modality": "bold",
    "run_id": 6,
    "session_id": "perceptionTest04",
    "subject_id": "01",
    "task_id": "perception"
  },
  "dummy_trs": 0,
  "dvars_nstd": 25.90658829028248,
  "dvars_std": 1.126963579548022,
  "dvars_vstd": 1.0087057915819218,
  "efc": 0.5885330069328536,
  "fber": 453.89813232421875,
  "fd_mean": 0.09397240657876686,
  "fd_num": 11,
  "fd_perc": 6.179775280898877,
  "fwhm_avg": 1.8996211111111112,
  "fwhm_x": 1.79254,
  "fwhm_y": 2.0148766666666664,
  "fwhm_z": 1.8914466666666667,
  "gcor": 0.028172,
  "gsr_x": 0.0011749452678486705,
  "gsr_y": 0.032261013984680176,
  "provenance": {
    "md5sum": "cbd442bdc602c1bf0be88090bd6c559a",
    "settings": {
      "fd_thres": 0.2,
      "testing": false
    },
    "software": "mriqc",
    "version": "23.1.0"
  },
  "size_t": 178,
  "size_x": 64,
  "size_y": 64,
  "size_z": 50,
  "snr": 4.215909659581358,
  "spacing_tr": 3.0,
  "spacing_x": 3.0,
  "spacing_y": 3.0,
  "spacing_z": 3.0,
  "summary_bg_k": 16.597307015335467,
  "summary_bg_mad": 18.599165764765544,
  "summary_bg_mean": 76.52131187985472,
  "summary_bg_median": 38.9719123840332,
  "summary_bg_n": 150261.0,
  "summary_bg_p05": 25.17977523803711,
  "summary_bg_p95": 267.8146057128906,
  "summary_bg_stdv": 90.8048066248876,
  "summary_fg_k": 1.428198073715901,
  "summary_fg_mad": 162.72817171026057,
  "summary_fg_mean": 839.0591170758391,
  "summary_fg_median": 830.2921142578125,
  "summary_fg_n": 54539.0,
  "summary_fg_p05": 516.2303466796875,
  "summary_fg_p95": 1170.595458984375,
  "summary_fg_stdv": 196.9407718270646,
  "tsnr": 52.91408768109977
}