{
  "aor": 0.0008076404494382022,
  "aqi": 0.004922988876404494,
  "bids_meta": {
    "dataset": "ds001246",
    "modality": "bold",
    "run_id": 1,
    "session_id": "perceptionTest02",
    "subject_id": "03",
    "task_id": "perception"
  },
  "dummy_trs": 0,
  "dvars_nstd": 24.947022982090395,
  "dvars_std": 1.1376530051412428,
  "dvars_vstd": 1.0101613270621472,
  "efc": 0.5728709763058581,
  "fber": 510.8982238769531,
  "fd_mean": 0.0537510811758375,
  "fd_num": 8,
  "fd_perc": 4.49438202247191,
  "fwhm_avg": 1.9256922222222224,
  "fwhm_x": 1.80056,
  "fwhm_y": 2.03925,
  "fwhm_z": 1.9372666666666667,
  "gcor": 0.0438733,
  "gsr_x": -0.0052904896438121796,
  "gsr_y": 0.04284342750906944,
  "provenance": {
    "md5sum": "eb5b6730b7d62bba8cb6a008d1eeda8c",
    "settings": {
      "fd_thres": 0.2,
      "testing": false
    },
    "software": "mriqc",
    "version": "23.1.0"
  },
  "size_t": 178,
  "size_x": 64,
  "size_y": 64,
  "size_z": 50,
  "snr": 4.080920615209587,
  "spacing_tr": 3.0,
  "spacing_x": 3.0,
  "spacing_y": 3.0,
  "spacing_z": 3.0,
  "summary_bg_k": 22.36433019112697,
  "summary_bg_mad": 15.617299698513474,
  "summary_bg_mean": 71.3382995735055,
  "summary_bg_median": 35.2696647644043,
  "summary_bg_n": 153559.0,
  "summary_bg_p05": 23.398876190185547,
  "summary_bg_p95": 257.7022399902344,
  "summary_bg_stdv": 89.99442533656143,
  "summary_fg_k": 1.4958754723132364,
  "summary_fg_mad": 163.61100052152406,
  "summary_fg_mean": 811.2403073843421,
  "summary_fg_median": 797.2022705078125,
  "summary_fg_n": 51241.0,
  "summary_fg_p05": 499.2135009765625,
  "summary_fg_p95": 1147.39892578125,
  "summary_fg_stdv": 195.34672851746492,
  "tsnr": 60.66639587841928
}