{
  "aor": 0.0020662359550561796,
  "aqi": 0.026842389325842694,
  "bids_meta": {
    "dataset": "ds001246",
    "modality": "bold",
    "run_id": 7,
    "session_id": "perceptionTraining01",
    "subject_id": "01",
    "task_id": "perception"
  },
  "dummy_trs": 0,
  "dvars_nstd": 47.83246488632766,
  "dvars_std": 1.1056355247457628,
  "dvars_vstd": 0.9926647719774014,
  "efc": 0.5888463340047854,
  "fber": 436.9501647949219,
  "fd_mean": 0.7491864352445502,
  "fd_num": 168,
  "fd_perc": 94.38202247191012,
  "fwhm_avg": 1.921268888888889,
  "fwhm_x": 1.7981666666666667,
  "fwhm_y": 2.0384066666666665,
  "fwhm_z": 1.9272333333333334,
  "gcor": 0.0343461,
  "gsr_x": 0.00730473268777132,
  "gsr_y": 0.03592001646757126,
  "provenance": {
    "md5sum": "f2b9f81a8b3767997ff397d26977330f",
    "settings": {
      "fd_thres": 0.2,
      "testing": false
    },
    "software": "mriqc",
    "version": "23.1.0"
  },
  "size_t": 178,
  "size_x": 64,
  "size_y": 64,
  "size_z": 50,
  "snr": 4.2252813146090435,
  "spacing_tr": 3.0,
  "spacing_x": 3.0,
  "spacing_y": 3.0,
  "spacing_z": 3.0,
  "summary_bg_k": 17.15518291047188,
  "summary_bg_mad": 19.82355797546676,
  "summary_bg_mean": 73.773038653219,
  "summary_bg_median": 38.365169525146484,
  "summary_bg_n": 150135.0,
  "summary_bg_p05": 18.87640380859375,
  "summary_bg_p95": 254.60675048828125,
  "summary_bg_stdv": 86.38077485968225,
  "summary_fg_k": 1.137092123534158,
  "summary_fg_mad": 158.65508769798302,
  "summary_fg_mean": 813.1357694703488,
  "summary_fg_median": 801.960693359375,
  "summary_fg_n": 54665.0,
  "summary_fg_p05": 500.7415771484375,
  "summary_fg_p95": 1139.1966552734375,
  "summary_fg_stdv": 189.7988082646882,
  "tsnr": 27.268947551725432
}