{
  "aor": 0.0018391573033707865,
  "aqi": 0.026312015168539326,
  "bids_meta": {
    "dataset": "ds001246",
    "modality": "bold",
    "run_id": 9,
    "session_id": "perceptionTraining01",
    "subject_id": "01",
    "task_id": "perception"
  },
  "dummy_trs": 0,
  "dvars_nstd": 42.96647955457626,
  "dvars_std": 1.0906007338983048,
  "dvars_vstd": 0.9793993815819211,
  "efc": 0.5900371356810913,
  "fber": 432.9402160644531,
  "fd_mean": 0.6316656302958873,
  "fd_num": 169,
  "fd_perc": 94.9438202247191,
  "fwhm_avg": 1.9158033333333335,
  "fwhm_x": 1.7904866666666666,
  "fwhm_y": 2.028096666666667,
  "fwhm_z": 1.9288266666666667,
  "gcor": 0.0258454,
  "gsr_x": 0.006023692898452282,
  "gsr_y": 0.03701351583003998,
  "provenance": {
    "md5sum": "1da9e38a17df6723d81736e064fdc7ba",
    "settings": {
      "fd_thres": 0.2,
      "testing": false
    },
    "software": "mriqc",
    "version": "23.1.0"
  },
  "size_t": 178,
  "size_x": 64,
  "size_y": 64,
  "size_z": 50,
  "snr": 4.22846264964183,
  "spacing_tr": 3.0,
  "spacing_x": 3.0,
  "spacing_y": 3.0,
  "spacing_z": 3.0,
  "summary_bg_k": 17.498536522531293,
  "summary_bg_mad": 20.03178875122718,
  "summary_bg_mean": 74.32715443781288,
  "summary_bg_median": 38.53932571411133,
  "summary_bg_n": 150064.0,
  "summary_bg_p05": 19.837078094482422,
  "summary_bg_p95": 254.7415771484375,
  "summary_bg_stdv": 86.34841250136687,
  "summary_fg_k": 1.1554470986604297,
  "summary_fg_mad": 158.93411625882055,
  "summary_fg_mean": 813.5350119131624,
  "summary_fg_median": 801.8960571289062,
  "summary_fg_n": 54736.0,
  "summary_fg_p05": 504.8033752441406,
  "summary_fg_p95": 1138.8258056640625,
  "summary_fg_stdv": 189.64072723655687,
  "tsnr": 28.21117113978835
}