{
  "aor": 0.0019184269662921348,
  "aqi": 0.020367083370786517,
  "bids_meta": {
    "dataset": "ds001246",
    "modality": "bold",
    "run_id": 5,
    "session_id": "perceptionTraining01",
    "subject_id": "01",
    "task_id": "perception"
  },
  "dummy_trs": 0,
  "dvars_nstd": 40.87389055932206,
  "dvars_std": 1.1237051178531072,
  "dvars_vstd": 1.0091753241807908,
  "efc": 0.5878858407393702,
  "fber": 442.9549560546875,
  "fd_mean": 0.5748843387383543,
  "fd_num": 166,
  "fd_perc": 93.25842696629213,
  "fwhm_avg": 1.9228266666666667,
  "fwhm_x": 1.7977066666666666,
  "fwhm_y": 2.02542,
  "fwhm_z": 1.9453533333333333,
  "gcor": 0.0246639,
  "gsr_x": 0.003045180346816778,
  "gsr_y": 0.035165660083293915,
  "provenance": {
    "md5sum": "de1772a1e40d4d7215d1d06e7edb1cea",
    "settings": {
      "fd_thres": 0.2,
      "testing": false
    },
    "software": "mriqc",
    "version": "23.1.0"
  },
  "size_t": 178,
  "size_x": 64,
  "size_y": 64,
  "size_z": 50,
  "snr": 4.21702989881274,
  "spacing_tr": 3.0,
  "spacing_x": 3.0,
  "spacing_y": 3.0,
  "spacing_z": 3.0,
  "summary_bg_k": 17.763267584086957,
  "summary_bg_mad": 19.448744841369457,
  "summary_bg_mean": 73.96890505475263,
  "summary_bg_median": 38.544944763183594,
  "summary_bg_n": 150196.0,
  "summary_bg_p05": 21.51685333251953,
  "summary_bg_p95": 254.8426971435547,
  "summary_bg_stdv": 86.02218951557245,
  "summary_fg_k": 1.149595953428812,
  "summary_fg_mad": 161.51622764822167,
  "summary_fg_mean": 822.4956669219553,
  "summary_fg_median": 811.2359619140625,
  "summary_fg_n": 54604.0,
  "summary_fg_p05": 507.5674133300781,
  "summary_fg_p95": 1153.2135009765625,
  "summary_fg_stdv": 192.36964237599943,
  "tsnr": 31.686562380753458
}