{
  "aor": 0.0003573033707865169,
  "aqi": 0.008125815168539326,
  "bids_meta": {
    "dataset": "ds001246",
    "modality": "bold",
    "run_id": 4,
    "session_id": "perceptionTest03",
    "subject_id": "05",
    "task_id": "perception"
  },
  "dummy_trs": 0,
  "dvars_nstd": 26.13188277011297,
  "dvars_std": 1.0952389896610168,
  "dvars_vstd": 0.9856034381920901,
  "efc": 0.562641021649425,
  "fber": 525.2874145507812,
  "fd_mean": 0.07573416516330361,
  "fd_num": 2,
  "fd_perc": 1.1235955056179776,
  "fwhm_avg": 1.8678077777777775,
  "fwhm_x": 1.7688733333333333,
  "fwhm_y": 1.9537066666666665,
  "fwhm_z": 1.8808433333333332,
  "gcor": 0.0429663,
  "gsr_x": 0.00016557294293306768,
  "gsr_y": 0.0372253954410553,
  "provenance": {
    "md5sum": "db0df9c3677a8bc1e14ae224af1c729f",
    "settings": {
      "fd_thres": 0.2,
      "testing": false
    },
    "software": "mriqc",
    "version": "23.1.0"
  },
  "size_t": 178,
  "size_x": 64,
  "size_y": 64,
  "size_z": 50,
  "snr": 4.130129635190192,
  "spacing_tr": 3.0,
  "spacing_x": 3.0,
  "spacing_y": 3.0,
  "spacing_z": 3.0,
  "summary_bg_k": 21.74426262753715,
  "summary_bg_mad": 14.959289768429114,
  "summary_bg_mean": 66.27365327804404,
  "summary_bg_median": 34.882022857666016,
  "summary_bg_n": 154763.0,
  "summary_bg_p05": 23.61236000061035,
  "summary_bg_p95": 230.70225524902344,
  "summary_bg_stdv": 81.10273258366153,
  "summary_fg_k": 1.2211134343450736,
  "summary_fg_mad": 156.59777803991875,
  "summary_fg_mean": 813.7155248297488,
  "summary_fg_median": 799.46630859375,
  "summary_fg_n": 50037.0,
  "summary_fg_p05": 501.6685485839844,
  "summary_fg_p95": 1157.8145751953125,
  "summary_fg_stdv": 193.5673672300144,
  "tsnr": 56.95292055699974
}