{
  "aor": 0.001775586854460094,
  "aqi": 0.013422281549295775,
  "bids_meta": {
    "dataset": "ds001246",
    "modality": "bold",
    "run_id": 3,
    "session_id": "imageryTest01",
    "subject_id": "01",
    "task_id": "imagery"
  },
  "dummy_trs": 0,
  "dvars_nstd": 31.147575270330204,
  "dvars_std": 1.0853420018396231,
  "dvars_vstd": 0.9911673191981132,
  "efc": 0.5829716388817855,
  "fber": 492.5430603027344,
  "fd_mean": 0.32138295273854117,
  "fd_num": 140,
  "fd_perc": 65.72769953051643,
  "fwhm_avg": 1.9154855555555554,
  "fwhm_x": 1.7942666666666665,
  "fwhm_y": 2.0368733333333333,
  "fwhm_z": 1.9153166666666666,
  "gcor": 0.0377535,
  "gsr_x": 0.0001659920671954751,
  "gsr_y": 0.03469599783420563,
  "provenance": {
    "md5sum": "44b8e99c5dfb57508661ba2c366c97bb",
    "settings": {
      "fd_thres": 0.2,
      "testing": false
    },
    "software": "mriqc",
    "version": "23.1.0"
  },
  "size_t": 213,
  "size_x": 64,
  "size_y": 64,
  "size_z": 50,
  "snr": 4.086385942786338,
  "spacing_tr": 3.0,
  "spacing_x": 3.0,
  "spacing_y": 3.0,
  "spacing_z": 3.0,
  "summary_bg_k": 20.662094208095137,
  "summary_bg_mad": 19.06501128815465,
  "summary_bg_mean": 74.72372212526396,
  "summary_bg_median": 37.971832275390625,
  "summary_bg_n": 150076.0,
  "summary_bg_p05": 20.901409149169922,
  "summary_bg_p95": 265.7323913574219,
  "summary_bg_stdv": 91.72268114850706,
  "summary_fg_k": 1.252121362616311,
  "summary_fg_mad": 171.30670505464116,
  "summary_fg_mean": 855.6530513072622,
  "summary_fg_median": 842.7206726074219,
  "summary_fg_n": 54724.0,
  "summary_fg_p05": 521.1126708984375,
  "summary_fg_p95": 1214.422607421875,
  "summary_fg_stdv": 206.22451834834223,
  "tsnr": 39.67942070995923
}