{
  "aor": 0.003783707865168539,
  "aqi": 0.00940131882022472,
  "bids_meta": {
    "dataset": "ds001246",
    "modality": "bold",
    "run_id": 8,
    "session_id": "perceptionTest01",
    "subject_id": "01",
    "task_id": "perception"
  },
  "dummy_trs": 0,
  "dvars_nstd": 29.370202274406783,
  "dvars_std": 1.1254122080225986,
  "dvars_vstd": 1.033924827853107,
  "efc": 0.5880600828813005,
  "fber": 457.6564025878906,
  "fd_mean": 0.2432084086450737,
  "fd_num": 77,
  "fd_perc": 43.258426966292134,
  "fwhm_avg": 1.917722222222222,
  "fwhm_x": 1.80792,
  "fwhm_y": 2.0210399999999997,
  "fwhm_z": 1.9242066666666666,
  "gcor": 0.0310983,
  "gsr_x": 0.0018587714293971658,
  "gsr_y": 0.03319414705038071,
  "provenance": {
    "md5sum": "18703599fd7ef20c73301dcb1f6a05ce",
    "settings": {
      "fd_thres": 0.2,
      "testing": false
    },
    "software": "mriqc",
    "version": "23.1.0"
  },
  "size_t": 178,
  "size_x": 64,
  "size_y": 64,
  "size_z": 50,
  "snr": 4.199142615607924,
  "spacing_tr": 3.0,
  "spacing_x": 3.0,
  "spacing_y": 3.0,
  "spacing_z": 3.0,
  "summary_bg_k": 16.87128422525353,
  "summary_bg_mad": 18.207691001427374,
  "summary_bg_mean": 74.05391768388682,
  "summary_bg_median": 37.84831619262695,
  "summary_bg_n": 150129.0,
  "summary_bg_p05": 24.02808952331543,
  "summary_bg_p95": 257.2640380859375,
  "summary_bg_stdv": 87.547916411232,
  "summary_fg_k": 1.2368851027616588,
  "summary_fg_mad": 161.71186888335407,
  "summary_fg_mean": 818.7720180935082,
  "summary_fg_median": 809.6854248046875,
  "summary_fg_n": 54671.0,
  "summary_fg_p05": 503.2921447753906,
  "summary_fg_p95": 1142.4775390625,
  "summary_fg_stdv": 192.8198429576843,
  "tsnr": 47.25800760788843
}