{
  "aor": 0.0008566292134831461,
  "aqi": 0.005002231516853932,
  "bids_meta": {
    "dataset": "ds001246",
    "modality": "bold",
    "run_id": 5,
    "session_id": "perceptionTest02",
    "subject_id": "05",
    "task_id": "perception"
  },
  "dummy_trs": 0,
  "dvars_nstd": 23.97703355033897,
  "dvars_std": 1.1287602603954803,
  "dvars_vstd": 1.0173678813559317,
  "efc": 0.5621940354154554,
  "fber": 520.713623046875,
  "fd_mean": 0.06509770701683606,
  "fd_num": 3,
  "fd_perc": 1.6853932584269662,
  "fwhm_avg": 1.8870332784269592,
  "fwhm_x": 1.7942268092590021,
  "fwhm_y": 1.9683798435672248,
  "fwhm_z": 1.898493182454651,
  "gcor": 0.0412178,
  "gsr_x": -0.0014575200621038675,
  "gsr_y": 0.03475528210401535,
  "provenance": {
    "md5sum": "b2be541dc08db467900e2b7ac953f8e8",
    "settings": {
      "fd_thres": 0.2,
      "testing": false
    },
    "software": "mriqc",
    "version": "23.1.0"
  },
  "size_t": 178,
  "size_x": 64,
  "size_y": 64,
  "size_z": 50,
  "snr": 4.044852790113608,
  "spacing_tr": 3.0,
  "spacing_x": 2.999999761581421,
  "spacing_y": 3.000000238418579,
  "spacing_z": 3.000000238418579,
  "summary_bg_k": 20.74791507046502,
  "summary_bg_mad": 15.808871672872343,
  "summary_bg_mean": 66.75848486985353,
  "summary_bg_median": 35.32022476196289,
  "summary_bg_n": 154685.0,
  "summary_bg_p05": 23.65168571472168,
  "summary_bg_p95": 234.76405334472656,
  "summary_bg_stdv": 81.39863095850421,
  "summary_fg_k": 1.3441880244162698,
  "summary_fg_mad": 161.09553564908637,
  "summary_fg_mean": 820.7149439858805,
  "summary_fg_median": 805.9775390625,
  "summary_fg_n": 50115.0,
  "summary_fg_p05": 501.11798095703125,
  "summary_fg_p95": 1176.2303466796875,
  "summary_fg_stdv": 199.25805451112657,
  "tsnr": 65.67398396134377
}