{
  "aor": 0.0008335393258426967,
  "aqi": 0.00612797168539326,
  "bids_meta": {
    "dataset": "ds001246",
    "modality": "bold",
    "run_id": 1,
    "session_id": "perceptionTest02",
    "subject_id": "05",
    "task_id": "perception"
  },
  "dummy_trs": 0,
  "dvars_nstd": 21.99562323819209,
  "dvars_std": 1.0649168760451984,
  "dvars_vstd": 0.9974559973446331,
  "efc": 0.5577254964338003,
  "fber": 550.7440185546875,
  "fd_mean": 0.058468630859519075,
  "fd_num": 1,
  "fd_perc": 0.5617977528089888,
  "fwhm_avg": 1.868973279391583,
  "fwhm_x": 1.7853434752196848,
  "fwhm_y": 1.959886510908881,
  "fwhm_z": 1.8616898520461835,
  "gcor": 0.0364283,
  "gsr_x": -0.0012643735390156507,
  "gsr_y": 0.034978657960891724,
  "provenance": {
    "md5sum": "73d0b34f5626e6c871939b03930858a9",
    "settings": {
      "fd_thres": 0.2,
      "testing": false
    },
    "software": "mriqc",
    "version": "23.1.0"
  },
  "size_t": 178,
  "size_x": 64,
  "size_y": 64,
  "size_z": 50,
  "snr": 4.07905410518796,
  "spacing_tr": 3.0,
  "spacing_x": 2.999999761581421,
  "spacing_y": 3.000000238418579,
  "spacing_z": 3.000000238418579,
  "summary_bg_k": 21.895441276260936,
  "summary_bg_mad": 15.517346890104166,
  "summary_bg_mean": 64.25821022766966,
  "summary_bg_median": 34.2528076171875,
  "summary_bg_n": 154949.0,
  "summary_bg_p05": 20.449438095092773,
  "summary_bg_p95": 226.7528076171875,
  "summary_bg_stdv": 79.65446900006519,
  "summary_fg_k": 1.2983933155500464,
  "summary_fg_mad": 158.83833168556077,
  "summary_fg_mean": 817.4775617621956,
  "summary_fg_median": 803.8427124023438,
  "summary_fg_n": 49851.0,
  "summary_fg_p05": 498.005615234375,
  "summary_fg_p95": 1165.983154296875,
  "summary_fg_stdv": 197.0639832617851,
  "tsnr": 60.200819679070264
}