{
  "aor": 0.0005140449438202247,
  "aqi": 0.006501559606741572,
  "bids_meta": {
    "dataset": "ds001246",
    "modality": "bold",
    "run_id": 4,
    "session_id": "perceptionTest02",
    "subject_id": "05",
    "task_id": "perception"
  },
  "dummy_trs": 0,
  "dvars_nstd": 25.460401481129928,
  "dvars_std": 1.117811779774011,
  "dvars_vstd": 1.0017967843502829,
  "efc": 0.5612304984265484,
  "fber": 531.0663452148438,
  "fd_mean": 0.08641798107921499,
  "fd_num": 5,
  "fd_perc": 2.808988764044944,
  "fwhm_avg": 1.886049945384585,
  "fwhm_x": 1.798243476244885,
  "fwhm_y": 1.9690565101801147,
  "fwhm_z": 1.8908498497287551,
  "gcor": 0.0497526,
  "gsr_x": -0.0009270576410926878,
  "gsr_y": 0.034582965075969696,
  "provenance": {
    "md5sum": "3c868ac419eb5890d66b429d7613b176",
    "settings": {
      "fd_thres": 0.2,
      "testing": false
    },
    "software": "mriqc",
    "version": "23.1.0"
  },
  "size_t": 178,
  "size_x": 64,
  "size_y": 64,
  "size_z": 50,
  "snr": 4.0441377893947354,
  "spacing_tr": 3.0,
  "spacing_x": 2.999999761581421,
  "spacing_y": 3.000000238418579,
  "spacing_z": 3.000000238418579,
  "summary_bg_k": 21.261847662852134,
  "summary_bg_mad": 15.65894811593701,
  "summary_bg_mean": 66.27186972114266,
  "summary_bg_median": 34.988765716552734,
  "summary_bg_n": 154682.0,
  "summary_bg_p05": 22.66853904724121,
  "summary_bg_p95": 234.16854858398438,
  "summary_bg_stdv": 81.55329986012022,
  "summary_fg_k": 1.3198746295470691,
  "summary_fg_mad": 160.82899482666156,
  "summary_fg_mean": 820.5620976356855,
  "summary_fg_median": 806.3118286132812,
  "summary_fg_n": 50118.0,
  "summary_fg_p05": 498.5449523925781,
  "summary_fg_p95": 1175.35400390625,
  "summary_fg_stdv": 199.37594276670293,
  "tsnr": 60.900343375164084
}