{
  "aor": 0.0005268539325842697,
  "aqi": 0.0066048475280898866,
  "bids_meta": {
    "dataset": "ds001246",
    "modality": "bold",
    "run_id": 7,
    "session_id": "perceptionTest02",
    "subject_id": "05",
    "task_id": "perception"
  },
  "dummy_trs": 0,
  "dvars_nstd": 25.347547714463282,
  "dvars_std": 1.1151572763841808,
  "dvars_vstd": 1.0034313843502825,
  "efc": 0.5634066283874862,
  "fber": 510.7556457519531,
  "fd_mean": 0.08160150535015134,
  "fd_num": 4,
  "fd_perc": 2.247191011235955,
  "fwhm_avg": 1.8982077226510874,
  "fwhm_x": 1.8068301435939584,
  "fwhm_y": 1.986146508821924,
  "fwhm_z": 1.9016465155373798,
  "gcor": 0.0519032,
  "gsr_x": -0.00152505561709404,
  "gsr_y": 0.034851428121328354,
  "provenance": {
    "md5sum": "42e4b566c9d3e1986d3d3650d2783374",
    "settings": {
      "fd_thres": 0.2,
      "testing": false
    },
    "software": "mriqc",
    "version": "23.1.0"
  },
  "size_t": 178,
  "size_x": 64,
  "size_y": 64,
  "size_z": 50,
  "snr": 4.0491953643190755,
  "spacing_tr": 3.0,
  "spacing_x": 2.999999761581421,
  "spacing_y": 3.000000238418579,
  "spacing_z": 3.000000238418579,
  "summary_bg_k": 21.164420044890537,
  "summary_bg_mad": 16.291968429999386,
  "summary_bg_mean": 67.37587525700818,
  "summary_bg_median": 35.65168762207031,
  "summary_bg_n": 154657.0,
  "summary_bg_p05": 22.893259048461914,
  "summary_bg_p95": 235.29776000976562,
  "summary_bg_stdv": 81.70940239238624,
  "summary_fg_k": 1.325677178723148,
  "summary_fg_mad": 161.49541475086716,
  "summary_fg_mean": 820.6086014381178,
  "summary_fg_median": 805.7247314453125,
  "summary_fg_n": 50143.0,
  "summary_fg_p05": 500.9101257324219,
  "summary_fg_p95": 1175.3033447265625,
  "summary_fg_stdv": 198.98192718380798,
  "tsnr": 61.42972551751882
}