{
  "aor": 0.0005698314606741574,
  "aqi": 0.004736529269662922,
  "bids_meta": {
    "dataset": "ds001246",
    "modality": "bold",
    "run_id": 4,
    "session_id": "perceptionTest04",
    "subject_id": "04",
    "task_id": "perception"
  },
  "dummy_trs": 0,
  "dvars_nstd": 22.6563492578531,
  "dvars_std": 1.080794165536724,
  "dvars_vstd": 1.0117138457062151,
  "efc": 0.5712947686563763,
  "fber": 516.4200439453125,
  "fd_mean": 0.04562786030576211,
  "fd_num": 3,
  "fd_perc": 1.6853932584269662,
  "fwhm_avg": 1.9576066666666667,
  "fwhm_x": 1.8564866666666668,
  "fwhm_y": 2.0634,
  "fwhm_z": 1.9529333333333332,
  "gcor": 0.0696839,
  "gsr_x": -0.003540818113833666,
  "gsr_y": 0.029361428692936897,
  "provenance": {
    "md5sum": "87016c75b4473b668d8de1328ba7f83c",
    "settings": {
      "fd_thres": 0.2,
      "testing": false
    },
    "software": "mriqc",
    "version": "23.1.0"
  },
  "size_t": 178,
  "size_x": 64,
  "size_y": 64,
  "size_z": 50,
  "snr": 4.3220315713103865,
  "spacing_tr": 3.0,
  "spacing_x": 3.0,
  "spacing_y": 3.0,
  "spacing_z": 3.0,
  "summary_bg_k": 17.75966760705055,
  "summary_bg_mad": 16.308621575722306,
  "summary_bg_mean": 72.4674556132124,
  "summary_bg_median": 36.674156188964844,
  "summary_bg_n": 154391.0,
  "summary_bg_p05": 24.84831428527832,
  "summary_bg_p95": 265.0393371582031,
  "summary_bg_stdv": 88.08952735120404,
  "summary_fg_k": 1.496933846783639,
  "summary_fg_mad": 154.96532296046067,
  "summary_fg_mean": 833.0702703658291,
  "summary_fg_median": 833.4157104492188,
  "summary_fg_n": 50409.0,
  "summary_fg_p05": 497.1629333496094,
  "summary_fg_p95": 1141.550537109375,
  "summary_fg_stdv": 192.82770847939665,
  "tsnr": 65.96455979626626
}