{
  "aor": 0.00038382022471910107,
  "aqi": 0.006895442808988763,
  "bids_meta": {
    "dataset": "ds001246",
    "modality": "bold",
    "run_id": 7,
    "session_id": "perceptionTest04",
    "subject_id": "04",
    "task_id": "perception"
  },
  "dummy_trs": 0,
  "dvars_nstd": 22.90396238870056,
  "dvars_std": 1.0421554468926553,
  "dvars_vstd": 0.9852339328813564,
  "efc": 0.572516095791471,
  "fber": 498.9550476074219,
  "fd_mean": 0.05007259313718571,
  "fd_num": 8,
  "fd_perc": 4.49438202247191,
  "fwhm_avg": 1.9570211111111113,
  "fwhm_x": 1.8627333333333331,
  "fwhm_y": 2.07419,
  "fwhm_z": 1.93414,
  "gcor": 0.0450552,
  "gsr_x": -0.0027523133903741837,
  "gsr_y": 0.029993491247296333,
  "provenance": {
    "md5sum": "6969b584593f53d249bc4dd4da5d8449",
    "settings": {
      "fd_thres": 0.2,
      "testing": false
    },
    "software": "mriqc",
    "version": "23.1.0"
  },
  "size_t": 178,
  "size_x": 64,
  "size_y": 64,
  "size_z": 50,
  "snr": 4.310489746746847,
  "spacing_tr": 3.0,
  "spacing_x": 3.0,
  "spacing_y": 3.0,
  "spacing_z": 3.0,
  "summary_bg_k": 17.6222169691921,
  "summary_bg_mad": 16.966631505806667,
  "summary_bg_mean": 73.12042410627602,
  "summary_bg_median": 37.2752799987793,
  "summary_bg_n": 154358.0,
  "summary_bg_p05": 24.77528190612793,
  "summary_bg_p95": 264.87640380859375,
  "summary_bg_stdv": 88.21472770197644,
  "summary_fg_k": 1.5628228076720845,
  "summary_fg_mad": 155.3775993097961,
  "summary_fg_mean": 833.054973432289,
  "summary_fg_median": 832.6292114257812,
  "summary_fg_n": 50442.0,
  "summary_fg_p05": 499.994384765625,
  "summary_fg_p95": 1143.6461181640625,
  "summary_fg_stdv": 193.16156793566353,
  "tsnr": 58.472040858119726
}