{
  "aor": 0.0005255617977528089,
  "aqi": 0.005001956516853932,
  "bids_meta": {
    "dataset": "ds001246",
    "modality": "bold",
    "run_id": 6,
    "session_id": "perceptionTest04",
    "subject_id": "04",
    "task_id": "perception"
  },
  "dummy_trs": 0,
  "dvars_nstd": 22.511704838248583,
  "dvars_std": 1.0756467412994353,
  "dvars_vstd": 1.012016314406779,
  "efc": 0.5719154676890601,
  "fber": 506.24658203125,
  "fd_mean": 0.0466652681412225,
  "fd_num": 4,
  "fd_perc": 2.247191011235955,
  "fwhm_avg": 1.9570711111111112,
  "fwhm_x": 1.8558766666666668,
  "fwhm_y": 2.0715166666666667,
  "fwhm_z": 1.9438199999999999,
  "gcor": 0.0551709,
  "gsr_x": -0.0029790159314870834,
  "gsr_y": 0.029431987553834915,
  "provenance": {
    "md5sum": "f1c39400ca4460bbba0bdf602368f6a2",
    "settings": {
      "fd_thres": 0.2,
      "testing": false
    },
    "software": "mriqc",
    "version": "23.1.0"
  },
  "size_t": 178,
  "size_x": 64,
  "size_y": 64,
  "size_z": 50,
  "snr": 4.3057302152978405,
  "spacing_tr": 3.0,
  "spacing_x": 3.0,
  "spacing_y": 3.0,
  "spacing_z": 3.0,
  "summary_bg_k": 17.310356530312884,
  "summary_bg_mad": 16.508524364701607,
  "summary_bg_mean": 72.73689065130868,
  "summary_bg_median": 36.96067428588867,
  "summary_bg_n": 154396.0,
  "summary_bg_p05": 24.94382095336914,
  "summary_bg_p95": 264.1910095214844,
  "summary_bg_stdv": 87.86493062993988,
  "summary_fg_k": 1.5142907549061988,
  "summary_fg_mad": 155.56075280651578,
  "summary_fg_mean": 831.8564444323512,
  "summary_fg_median": 831.6123657226562,
  "summary_fg_n": 50404.0,
  "summary_fg_p05": 495.96630859375,
  "summary_fg_p95": 1141.6573486328125,
  "summary_fg_stdv": 193.13892757590213,
  "tsnr": 64.78528951178305
}