{
  "aor": 0.000503876404494382,
  "aqi": 0.0049866206741573035,
  "bids_meta": {
    "dataset": "ds001246",
    "modality": "bold",
    "run_id": 5,
    "session_id": "perceptionTest04",
    "subject_id": "04",
    "task_id": "perception"
  },
  "dummy_trs": 0,
  "dvars_nstd": 23.25929444531073,
  "dvars_std": 1.0867505278531076,
  "dvars_vstd": 1.0110940685875702,
  "efc": 0.5715202247544537,
  "fber": 510.93865966796875,
  "fd_mean": 0.05846376430884166,
  "fd_num": 6,
  "fd_perc": 3.3707865168539324,
  "fwhm_avg": 1.954901111111111,
  "fwhm_x": 1.8558199999999998,
  "fwhm_y": 2.0622933333333333,
  "fwhm_z": 1.9465899999999998,
  "gcor": 0.0727634,
  "gsr_x": -0.0032418030314147472,
  "gsr_y": 0.029735641553997993,
  "provenance": {
    "md5sum": "a99dc53f3383dbfa5f507cd5c016331b",
    "settings": {
      "fd_thres": 0.2,
      "testing": false
    },
    "software": "mriqc",
    "version": "23.1.0"
  },
  "size_t": 178,
  "size_x": 64,
  "size_y": 64,
  "size_z": 50,
  "snr": 4.313048772757995,
  "spacing_tr": 3.0,
  "spacing_x": 3.0,
  "spacing_y": 3.0,
  "spacing_z": 3.0,
  "summary_bg_k": 17.636339313585616,
  "summary_bg_mad": 16.375259609167827,
  "summary_bg_mean": 72.45420146793943,
  "summary_bg_median": 36.80337142944336,
  "summary_bg_n": 154380.0,
  "summary_bg_p05": 24.87640380859375,
  "summary_bg_p95": 264.94944763183594,
  "summary_bg_stdv": 87.75035158777287,
  "summary_fg_k": 1.4671620430865078,
  "summary_fg_mad": 155.39420438225068,
  "summary_fg_mean": 831.9535574743172,
  "summary_fg_median": 831.9016723632812,
  "summary_fg_n": 50420.0,
  "summary_fg_p05": 495.78651428222656,
  "summary_fg_p95": 1141.6011352539062,
  "summary_fg_stdv": 192.8782785526757,
  "tsnr": 64.92416369682178
}