{
  "aor": 0.0006232584269662922,
  "aqi": 0.004910616853932585,
  "bids_meta": {
    "dataset": "ds001246",
    "modality": "bold",
    "run_id": 2,
    "session_id": "perceptionTest04",
    "subject_id": "04",
    "task_id": "perception"
  },
  "dummy_trs": 0,
  "dvars_nstd": 22.90479148163842,
  "dvars_std": 1.0926738405084737,
  "dvars_vstd": 1.0118762237288137,
  "efc": 0.5698042704959504,
  "fber": 528.7929077148438,
  "fd_mean": 0.04256775410383626,
  "fd_num": 2,
  "fd_perc": 1.1235955056179776,
  "fwhm_avg": 1.9431411111111112,
  "fwhm_x": 1.8344966666666667,
  "fwhm_y": 2.0557466666666664,
  "fwhm_z": 1.9391800000000001,
  "gcor": 0.0683928,
  "gsr_x": -0.004068456124514341,
  "gsr_y": 0.029516370967030525,
  "provenance": {
    "md5sum": "ce0a822899792bd626ed663e8cc3bb91",
    "settings": {
      "fd_thres": 0.2,
      "testing": false
    },
    "software": "mriqc",
    "version": "23.1.0"
  },
  "size_t": 178,
  "size_x": 64,
  "size_y": 64,
  "size_z": 50,
  "snr": 4.331003060070875,
  "spacing_tr": 3.0,
  "spacing_x": 3.0,
  "spacing_y": 3.0,
  "spacing_z": 3.0,
  "summary_bg_k": 17.949488226169063,
  "summary_bg_mad": 15.808868845033027,
  "summary_bg_mean": 71.69529398443747,
  "summary_bg_median": 36.174156188964844,
  "summary_bg_n": 154495.0,
  "summary_bg_p05": 24.646068572998047,
  "summary_bg_p95": 263.8258361816406,
  "summary_bg_stdv": 87.79076308523112,
  "summary_fg_k": 1.5343113638124564,
  "summary_fg_mad": 154.2072810424662,
  "summary_fg_mean": 832.7496235629553,
  "summary_fg_median": 831.8427124023438,
  "summary_fg_n": 50305.0,
  "summary_fg_p05": 502.48876953125,
  "summary_fg_p95": 1142.1517333984375,
  "summary_fg_stdv": 192.06507888158146,
  "tsnr": 64.70425679162145
}