{
  "aor": 0.002135449438202247,
  "aqi": 0.006851076797752809,
  "bids_meta": {
    "dataset": "ds001246",
    "modality": "bold",
    "run_id": 4,
    "session_id": "perceptionTest03",
    "subject_id": "02",
    "task_id": "perception"
  },
  "dummy_trs": 0,
  "dvars_nstd": 28.266847071412435,
  "dvars_std": 1.172828120169491,
  "dvars_vstd": 1.0299567330508475,
  "efc": 0.5720028093196986,
  "fber": 450.0299377441406,
  "fd_mean": 0.11793647304409612,
  "fd_num": 22,
  "fd_perc": 12.359550561797754,
  "fwhm_avg": 1.8905577777777778,
  "fwhm_x": 1.7898166666666666,
  "fwhm_y": 1.9876366666666667,
  "fwhm_z": 1.89422,
  "gcor": 0.051384,
  "gsr_x": 0.018361695110797882,
  "gsr_y": 0.023760240525007248,
  "provenance": {
    "md5sum": "cb2e450fb17971f90f8b7679ec40bedb",
    "settings": {
      "fd_thres": 0.2,
      "testing": false
    },
    "software": "mriqc",
    "version": "23.1.0"
  },
  "size_t": 178,
  "size_x": 64,
  "size_y": 64,
  "size_z": 50,
  "snr": 4.092073183131032,
  "spacing_tr": 3.0,
  "spacing_x": 3.0,
  "spacing_y": 3.0,
  "spacing_z": 3.0,
  "summary_bg_k": 19.968169679438965,
  "summary_bg_mad": 19.43208321212859,
  "summary_bg_mean": 79.30281061916108,
  "summary_bg_median": 40.39325714111328,
  "summary_bg_n": 155113.0,
  "summary_bg_p05": 25.84831428527832,
  "summary_bg_p95": 298.9045104980469,
  "summary_bg_stdv": 100.91569466676128,
  "summary_fg_k": 1.625195302410014,
  "summary_fg_mad": 165.46009071518515,
  "summary_fg_mean": 869.5886813699701,
  "summary_fg_median": 856.8988647460938,
  "summary_fg_n": 49687.0,
  "summary_fg_p05": 533.6067504882812,
  "summary_fg_p95": 1239.455078125,
  "summary_fg_stdv": 209.40247238653518,
  "tsnr": 55.62602885183878
}