{
  "aor": 0.0013124999999999999,
  "aqi": 0.006033366818181818,
  "bids_meta": {
    "dataset": "ds001246",
    "modality": "bold",
    "run_id": 6,
    "session_id": "perceptionTest03",
    "subject_id": "02",
    "task_id": "perception"
  },
  "dummy_trs": 2,
  "dvars_nstd": 27.344101399200024,
  "dvars_std": 1.1469299714857146,
  "dvars_vstd": 1.0092626607428565,
  "efc": 0.5723403979556967,
  "fber": 451.3154296875,
  "fd_mean": 0.10982316334028423,
  "fd_num": 22,
  "fd_perc": 12.5,
  "fwhm_avg": 1.8715933333333332,
  "fwhm_x": 1.7670833333333331,
  "fwhm_y": 1.9792933333333333,
  "fwhm_z": 1.8684033333333332,
  "gcor": 0.0473925,
  "gsr_x": 0.019517727196216583,
  "gsr_y": 0.02525867521762848,
  "provenance": {
    "md5sum": "2016e97451a44f425a5202a542386475",
    "settings": {
      "fd_thres": 0.2,
      "testing": false
    },
    "software": "mriqc",
    "version": "23.1.0"
  },
  "size_t": 176,
  "size_x": 64,
  "size_y": 64,
  "size_z": 50,
  "snr": 4.122524335495259,
  "spacing_tr": 3.0,
  "spacing_x": 3.0,
  "spacing_y": 3.0,
  "spacing_z": 3.0,
  "summary_bg_k": 20.847319222272166,
  "summary_bg_mad": 19.24855926845871,
  "summary_bg_mean": 78.98633648560431,
  "summary_bg_median": 40.06818389892578,
  "summary_bg_n": 155167.0,
  "summary_bg_p05": 25.738637924194336,
  "summary_bg_p95": 296.3295593261719,
  "summary_bg_stdv": 100.81371787782943,
  "summary_fg_k": 1.5671733701336237,
  "summary_fg_mad": 163.71805120661267,
  "summary_fg_mean": 863.0498606679691,
  "summary_fg_median": 851.2159423828125,
  "summary_fg_n": 49633.0,
  "summary_fg_p05": 529.76708984375,
  "summary_fg_p95": 1225.70458984375,
  "summary_fg_stdv": 206.4772207431244,
  "tsnr": 57.869752226164564
}