{
  "aor": 0.002463932584269663,
  "aqi": 0.02068427168539326,
  "bids_meta": {
    "dataset": "ds001246",
    "modality": "bold",
    "run_id": 3,
    "session_id": "perceptionTraining01",
    "subject_id": "01",
    "task_id": "perception"
  },
  "dummy_trs": 0,
  "dvars_nstd": 41.36721120723162,
  "dvars_std": 1.1140020658192087,
  "dvars_vstd": 1.0080442969491528,
  "efc": 0.5870271137072293,
  "fber": 449.0931091308594,
  "fd_mean": 0.580151800788988,
  "fd_num": 169,
  "fd_perc": 94.9438202247191,
  "fwhm_avg": 1.9261088888888889,
  "fwhm_x": 1.8073666666666668,
  "fwhm_y": 2.0307,
  "fwhm_z": 1.94026,
  "gcor": 0.0253412,
  "gsr_x": 0.002361160470172763,
  "gsr_y": 0.034079816192388535,
  "provenance": {
    "md5sum": "66842f88e8f5fac6b104f353d4d49d29",
    "settings": {
      "fd_thres": 0.2,
      "testing": false
    },
    "software": "mriqc",
    "version": "23.1.0"
  },
  "size_t": 178,
  "size_x": 64,
  "size_y": 64,
  "size_z": 50,
  "snr": 4.1982844633085525,
  "spacing_tr": 3.0,
  "spacing_x": 3.0,
  "spacing_y": 3.0,
  "spacing_z": 3.0,
  "summary_bg_k": 17.26634225783194,
  "summary_bg_mad": 18.865698103672422,
  "summary_bg_mean": 73.44560017380103,
  "summary_bg_median": 38.308990478515625,
  "summary_bg_n": 150175.0,
  "summary_bg_p05": 21.752809524536133,
  "summary_bg_p95": 253.27528381347656,
  "summary_bg_stdv": 85.38667163708485,
  "summary_fg_k": 1.129971643650049,
  "summary_fg_mad": 162.19499957455287,
  "summary_fg_mean": 823.2174866357101,
  "summary_fg_median": 811.8370971679688,
  "summary_fg_n": 54625.0,
  "summary_fg_p05": 506.11798095703125,
  "summary_fg_p95": 1154.1629638671875,
  "summary_fg_stdv": 193.37176249629374,
  "tsnr": 31.810724070644937
}