{
  "aor": 0.0013829775280898877,
  "aqi": 0.018541867134831462,
  "bids_meta": {
    "dataset": "ds001246",
    "modality": "bold",
    "run_id": 1,
    "session_id": "perceptionTraining01",
    "subject_id": "01",
    "task_id": "perception"
  },
  "dummy_trs": 0,
  "dvars_nstd": 29.887366009209046,
  "dvars_std": 1.0354067789265533,
  "dvars_vstd": 0.9562469931638417,
  "efc": 0.5860355656398092,
  "fber": 457.02325439453125,
  "fd_mean": 0.25597470322862675,
  "fd_num": 90,
  "fd_perc": 50.561797752808985,
  "fwhm_avg": 1.938097777777778,
  "fwhm_x": 1.8238933333333334,
  "fwhm_y": 2.0309333333333335,
  "fwhm_z": 1.9594666666666667,
  "gcor": 0.0600107,
  "gsr_x": 0.0007672969368286431,
  "gsr_y": 0.03281937912106514,
  "provenance": {
    "md5sum": "1d9286707f1ad4cd31bda7dbf9a0f0f2",
    "settings": {
      "fd_thres": 0.2,
      "testing": false
    },
    "software": "mriqc",
    "version": "23.1.0"
  },
  "size_t": 178,
  "size_x": 64,
  "size_y": 64,
  "size_z": 50,
  "snr": 4.194504712576873,
  "spacing_tr": 3.0,
  "spacing_x": 3.0,
  "spacing_y": 3.0,
  "spacing_z": 3.0,
  "summary_bg_k": 18.307404578352795,
  "summary_bg_mad": 19.173881687842147,
  "summary_bg_mean": 73.42859677126233,
  "summary_bg_median": 38.23033905029297,
  "summary_bg_n": 150121.0,
  "summary_bg_p05": 20.05617904663086,
  "summary_bg_p95": 255.32022094726562,
  "summary_bg_stdv": 86.93227552805158,
  "summary_fg_k": 1.0807256624514023,
  "summary_fg_mad": 163.7442030645929,
  "summary_fg_mean": 828.5760045145845,
  "summary_fg_median": 817.2921142578125,
  "summary_fg_n": 54679.0,
  "summary_fg_p05": 508.2921447753906,
  "summary_fg_p95": 1162.8426513671875,
  "summary_fg_stdv": 194.8465186429365,
  "tsnr": 32.726984687615186
}