{
  "aor": 0.0006693427230046948,
  "aqi": 0.007331760375586854,
  "bids_meta": {
    "dataset": "ds001246",
    "modality": "bold",
    "run_id": 1,
    "session_id": "imageryTest05",
    "subject_id": "05",
    "task_id": "imagery"
  },
  "dummy_trs": 0,
  "dvars_nstd": 22.889348551839618,
  "dvars_std": 1.0813135034905663,
  "dvars_vstd": 0.9891557269811322,
  "efc": 0.5581383400303384,
  "fber": 547.5155639648438,
  "fd_mean": 0.05242108887260648,
  "fd_num": 0,
  "fd_perc": 0.0,
  "fwhm_avg": 1.8569444444444445,
  "fwhm_x": 1.7705,
  "fwhm_y": 1.93166,
  "fwhm_z": 1.8686733333333334,
  "gcor": 0.0414371,
  "gsr_x": 0.0005988562479615211,
  "gsr_y": 0.032952096313238144,
  "provenance": {
    "md5sum": "d4c3dd07c92886fff74a8c53ecd05e10",
    "settings": {
      "fd_thres": 0.2,
      "testing": false
    },
    "software": "mriqc",
    "version": "23.1.0"
  },
  "size_t": 213,
  "size_x": 64,
  "size_y": 64,
  "size_z": 50,
  "snr": 4.086647647391069,
  "spacing_tr": 3.0,
  "spacing_x": 3.0,
  "spacing_y": 3.0,
  "spacing_z": 3.0,
  "summary_bg_k": 22.868762537988886,
  "summary_bg_mad": 15.828344174391793,
  "summary_bg_mean": 67.08325494439306,
  "summary_bg_median": 35.57746505737305,
  "summary_bg_n": 155165.0,
  "summary_bg_p05": 22.676055908203125,
  "summary_bg_p95": 235.4178466796875,
  "summary_bg_stdv": 82.27640831322607,
  "summary_fg_k": 1.2589522136669515,
  "summary_fg_mad": 164.62449813183062,
  "summary_fg_mean": 847.0156649247822,
  "summary_fg_median": 832.4788818359375,
  "summary_fg_n": 49635.0,
  "summary_fg_p05": 517.8873291015625,
  "summary_fg_p95": 1208.1361083984375,
  "summary_fg_stdv": 203.7049845289412,
  "tsnr": 59.626920165494084
}