{
  "aor": 0.002185449438202247,
  "aqi": 0.008920539550561797,
  "bids_meta": {
    "dataset": "ds001246",
    "modality": "bold",
    "run_id": 5,
    "session_id": "perceptionTraining02",
    "subject_id": "02",
    "task_id": "perception"
  },
  "dummy_trs": 0,
  "dvars_nstd": 29.271656402824863,
  "dvars_std": 1.1613275131073442,
  "dvars_vstd": 1.0245775022033898,
  "efc": 0.5741777482584006,
  "fber": 422.3956604003906,
  "fd_mean": 0.14620294558301358,
  "fd_num": 37,
  "fd_perc": 20.786516853932586,
  "fwhm_avg": 1.920687777777778,
  "fwhm_x": 1.8185966666666669,
  "fwhm_y": 2.0167366666666666,
  "fwhm_z": 1.92673,
  "gcor": 0.0377447,
  "gsr_x": 0.019096938893198967,
  "gsr_y": 0.02249896712601185,
  "provenance": {
    "md5sum": "b0c4d2b120e0f2785933fa28705c99ba",
    "settings": {
      "fd_thres": 0.2,
      "testing": false
    },
    "software": "mriqc",
    "version": "23.1.0"
  },
  "size_t": 178,
  "size_x": 64,
  "size_y": 64,
  "size_z": 50,
  "snr": 4.072056694144415,
  "spacing_tr": 3.0,
  "spacing_x": 3.0,
  "spacing_y": 3.0,
  "spacing_z": 3.0,
  "summary_bg_k": 19.97581657084195,
  "summary_bg_mad": 20.964661834838846,
  "summary_bg_mean": 81.42737870853209,
  "summary_bg_median": 41.758426666259766,
  "summary_bg_n": 155428.0,
  "summary_bg_p05": 25.38763999938965,
  "summary_bg_p95": 301.2359619140625,
  "summary_bg_stdv": 101.79389161342469,
  "summary_fg_k": 1.546677362462069,
  "summary_fg_mad": 167.98379025570657,
  "summary_fg_mean": 871.3063528895677,
  "summary_fg_median": 858.2303466796875,
  "summary_fg_n": 49372.0,
  "summary_fg_p05": 533.96630859375,
  "summary_fg_p95": 1244.3876953125,
  "summary_fg_stdv": 210.7587687571944,
  "tsnr": 50.23807378660422
}