{
  "aor": 0.0009292134831460673,
  "aqi": 0.0062623215168539316,
  "bids_meta": {
    "dataset": "ds001246",
    "modality": "bold",
    "run_id": 2,
    "session_id": "perceptionTest02",
    "subject_id": "05",
    "task_id": "perception"
  },
  "dummy_trs": 0,
  "dvars_nstd": 23.867949491468927,
  "dvars_std": 1.104483663276836,
  "dvars_vstd": 1.0095322955367234,
  "efc": 0.5591757645098109,
  "fber": 545.8685302734375,
  "fd_mean": 0.07293330205170953,
  "fd_num": 4,
  "fd_perc": 2.247191011235955,
  "fwhm_avg": 1.8796077233855932,
  "fwhm_x": 1.7927934758117576,
  "fwhm_y": 1.9702765100831579,
  "fwhm_z": 1.8757531842618635,
  "gcor": 0.0633721,
  "gsr_x": -0.0014603798044845462,
  "gsr_y": 0.03575639799237251,
  "provenance": {
    "md5sum": "72f32ae617addec4f7efc40c1ee4e159",
    "settings": {
      "fd_thres": 0.2,
      "testing": false
    },
    "software": "mriqc",
    "version": "23.1.0"
  },
  "size_t": 178,
  "size_x": 64,
  "size_y": 64,
  "size_z": 50,
  "snr": 4.053330953805902,
  "spacing_tr": 3.0,
  "spacing_x": 2.999999761581421,
  "spacing_y": 3.000000238418579,
  "spacing_z": 3.000000238418579,
  "summary_bg_k": 22.646189565839013,
  "summary_bg_mad": 15.59231573817012,
  "summary_bg_mean": 65.29551755463605,
  "summary_bg_median": 34.57303237915039,
  "summary_bg_n": 154771.0,
  "summary_bg_p05": 21.814607620239258,
  "summary_bg_p95": 231.36517333984375,
  "summary_bg_stdv": 80.9234780339254,
  "summary_fg_k": 1.324422920898777,
  "summary_fg_mad": 159.6628843842316,
  "summary_fg_mean": 821.9193726185069,
  "summary_fg_median": 807.7584228515625,
  "summary_fg_n": 50029.0,
  "summary_fg_p05": 498.01123046875,
  "summary_fg_p95": 1176.1292724609375,
  "summary_fg_stdv": 199.2806309464647,
  "tsnr": 60.63789362926036
}