{
  "aor": 0.002033483146067416,
  "aqi": 0.007837440674157304,
  "bids_meta": {
    "dataset": "ds001246",
    "modality": "bold",
    "run_id": 3,
    "session_id": "perceptionTest02",
    "subject_id": "05",
    "task_id": "perception"
  },
  "dummy_trs": 0,
  "dvars_nstd": 24.83989479598869,
  "dvars_std": 1.1297677529943508,
  "dvars_vstd": 1.0220823461581916,
  "efc": 0.5602132331012181,
  "fber": 536.1424560546875,
  "fd_mean": 0.08742803160783341,
  "fd_num": 11,
  "fd_perc": 6.179775280898877,
  "fwhm_avg": 1.8815677233564532,
  "fwhm_x": 1.795183476001698,
  "fwhm_y": 1.9669065103509815,
  "fwhm_z": 1.88261318371668,
  "gcor": 0.0340622,
  "gsr_x": -0.0008222086471505463,
  "gsr_y": 0.034761954098939896,
  "provenance": {
    "md5sum": "fbbe8d9eabac7e602e93dfc009a8df1c",
    "settings": {
      "fd_thres": 0.2,
      "testing": false
    },
    "software": "mriqc",
    "version": "23.1.0"
  },
  "size_t": 178,
  "size_x": 64,
  "size_y": 64,
  "size_z": 50,
  "snr": 4.060855930291741,
  "spacing_tr": 3.0,
  "spacing_x": 2.999999761581421,
  "spacing_y": 3.000000238418579,
  "spacing_z": 3.000000238418579,
  "summary_bg_k": 21.425495746743334,
  "summary_bg_mad": 16.183684806969644,
  "summary_bg_mean": 65.7738972374835,
  "summary_bg_median": 34.88764190673828,
  "summary_bg_n": 154700.0,
  "summary_bg_p05": 20.533708572387695,
  "summary_bg_p95": 232.45787048339844,
  "summary_bg_stdv": 81.25224143747829,
  "summary_fg_k": 1.2965952180149003,
  "summary_fg_mad": 160.7373728328727,
  "summary_fg_mean": 821.9731953515359,
  "summary_fg_median": 807.8146362304688,
  "summary_fg_n": 50100.0,
  "summary_fg_p05": 499.6376495361328,
  "summary_fg_p95": 1174.4466552734375,
  "summary_fg_stdv": 198.92519903061088,
  "tsnr": 56.970413820352405
}