{
  "aor": 0.0005008426966292136,
  "aqi": 0.005516223146067416,
  "bids_meta": {
    "dataset": "ds001246",
    "modality": "bold",
    "run_id": 5,
    "session_id": "perceptionTest01",
    "subject_id": "05",
    "task_id": "perception"
  },
  "dummy_trs": 0,
  "dvars_nstd": 22.742921656949157,
  "dvars_std": 1.0846144179661013,
  "dvars_vstd": 0.9953260478531067,
  "efc": 0.561153567212491,
  "fber": 525.1222534179688,
  "fd_mean": 0.053375868464739865,
  "fd_num": 1,
  "fd_perc": 0.5617977528089888,
  "fwhm_avg": 1.885291111111111,
  "fwhm_x": 1.8035633333333332,
  "fwhm_y": 1.9678000000000002,
  "fwhm_z": 1.88451,
  "gcor": 0.0319976,
  "gsr_x": 0.001974629471078515,
  "gsr_y": 0.030474219471216202,
  "provenance": {
    "md5sum": "0904fdde22d147414f017bdf5a6d0fe4",
    "settings": {
      "fd_thres": 0.2,
      "testing": false
    },
    "software": "mriqc",
    "version": "23.1.0"
  },
  "size_t": 178,
  "size_x": 64,
  "size_y": 64,
  "size_z": 50,
  "snr": 4.072877640572468,
  "spacing_tr": 3.0,
  "spacing_x": 3.0,
  "spacing_y": 3.0,
  "spacing_z": 3.0,
  "summary_bg_k": 14.115937652816683,
  "summary_bg_mad": 15.81719965965346,
  "summary_bg_mean": 65.4852235552823,
  "summary_bg_median": 35.12359619140625,
  "summary_bg_n": 154883.0,
  "summary_bg_p05": 23.30337142944336,
  "summary_bg_p95": 225.44944763183594,
  "summary_bg_stdv": 75.98515527133114,
  "summary_fg_k": 1.2531893445753859,
  "summary_fg_mad": 160.81238975420698,
  "summary_fg_mean": 817.1984400625882,
  "summary_fg_median": 804.8764038085938,
  "summary_fg_n": 49917.0,
  "summary_fg_p05": 496.494384765625,
  "summary_fg_p95": 1164.3876953125,
  "summary_fg_stdv": 197.61662702636062,
  "tsnr": 61.223141020163894
}