{
  "aor": 0.0006160112359550562,
  "aqi": 0.008057097191011236,
  "bids_meta": {
    "dataset": "ds001246",
    "modality": "bold",
    "run_id": 1,
    "session_id": "perceptionTest01",
    "subject_id": "05",
    "task_id": "perception"
  },
  "dummy_trs": 0,
  "dvars_nstd": 23.931031458870052,
  "dvars_std": 1.0709546028813561,
  "dvars_vstd": 0.9854366241807905,
  "efc": 0.5570534069972307,
  "fber": 556.4265747070312,
  "fd_mean": 0.0750653209355762,
  "fd_num": 1,
  "fd_perc": 0.5617977528089888,
  "fwhm_avg": 1.882958888888889,
  "fwhm_x": 1.7927666666666668,
  "fwhm_y": 1.9584866666666667,
  "fwhm_z": 1.8976233333333334,
  "gcor": 0.0348781,
  "gsr_x": 0.002174780936911702,
  "gsr_y": 0.032943423837423325,
  "provenance": {
    "md5sum": "8b8fc524731a93c74936b5cbd5f405ce",
    "settings": {
      "fd_thres": 0.2,
      "testing": false
    },
    "software": "mriqc",
    "version": "23.1.0"
  },
  "size_t": 178,
  "size_x": 64,
  "size_y": 64,
  "size_z": 50,
  "snr": 4.1090728705033595,
  "spacing_tr": 3.0,
  "spacing_x": 3.0,
  "spacing_y": 3.0,
  "spacing_z": 3.0,
  "summary_bg_k": 15.918047870935087,
  "summary_bg_mad": 14.801032569034035,
  "summary_bg_mean": 62.646216552449424,
  "summary_bg_median": 33.69662857055664,
  "summary_bg_n": 155079.0,
  "summary_bg_p05": 21.589887619018555,
  "summary_bg_p95": 216.7584228515625,
  "summary_bg_stdv": 74.3482390814648,
  "summary_fg_k": 1.2102675981845712,
  "summary_fg_mad": 157.93876206555564,
  "summary_fg_mean": 807.3943603321364,
  "summary_fg_median": 794.8595581054688,
  "summary_fg_n": 49721.0,
  "summary_fg_p05": 491.6741638183594,
  "summary_fg_p95": 1146.1011962890625,
  "summary_fg_stdv": 193.43817691173857,
  "tsnr": 53.91647997824475
}