{
  "aor": 0.000571629213483146,
  "aqi": 0.005288999719101123,
  "bids_meta": {
    "dataset": "ds001246",
    "modality": "bold",
    "run_id": 4,
    "session_id": "perceptionTest01",
    "subject_id": "05",
    "task_id": "perception"
  },
  "dummy_trs": 0,
  "dvars_nstd": 21.484189847175145,
  "dvars_std": 1.072736722259887,
  "dvars_vstd": 1.0001644584745766,
  "efc": 0.561000675246939,
  "fber": 526.321533203125,
  "fd_mean": 0.04665079232593606,
  "fd_num": 2,
  "fd_perc": 1.1235955056179776,
  "fwhm_avg": 1.8764344444444445,
  "fwhm_x": 1.79322,
  "fwhm_y": 1.9607466666666669,
  "fwhm_z": 1.8753366666666667,
  "gcor": 0.0256195,
  "gsr_x": 0.0015199425397440791,
  "gsr_y": 0.03065355308353901,
  "provenance": {
    "md5sum": "fd4ebb58611740d5aaeb367d3e5874cf",
    "settings": {
      "fd_thres": 0.2,
      "testing": false
    },
    "software": "mriqc",
    "version": "23.1.0"
  },
  "size_t": 178,
  "size_x": 64,
  "size_y": 64,
  "size_z": 50,
  "snr": 4.081011955643985,
  "spacing_tr": 3.0,
  "spacing_x": 3.0,
  "spacing_y": 3.0,
  "spacing_z": 3.0,
  "summary_bg_k": 13.956951256574534,
  "summary_bg_mad": 15.800540858251908,
  "summary_bg_mean": 65.44690327895293,
  "summary_bg_median": 35.12359619140625,
  "summary_bg_n": 154876.0,
  "summary_bg_p05": 23.539325714111328,
  "summary_bg_p95": 226.52247619628906,
  "summary_bg_stdv": 75.90928529590883,
  "summary_fg_k": 1.2476010465510665,
  "summary_fg_mad": 160.37509268261712,
  "summary_fg_mean": 818.9265047331936,
  "summary_fg_median": 805.7949523925781,
  "summary_fg_n": 49924.0,
  "summary_fg_p05": 498.6797790527344,
  "summary_fg_p95": 1166.072998046875,
  "summary_fg_stdv": 197.44781218332875,
  "tsnr": 63.45358183607459
}