{
  "aor": 0.00069061797752809,
  "aqi": 0.006177708932584271,
  "bids_meta": {
    "dataset": "ds001246",
    "modality": "bold",
    "run_id": 2,
    "session_id": "perceptionTraining04",
    "subject_id": "05",
    "task_id": "perception"
  },
  "dummy_trs": 0,
  "dvars_nstd": 24.043473346045186,
  "dvars_std": 1.1036504544067798,
  "dvars_vstd": 1.0023805370621475,
  "efc": 0.5602982367993193,
  "fber": 535.3956909179688,
  "fd_mean": 0.0857977119582883,
  "fd_num": 8,
  "fd_perc": 4.49438202247191,
  "fwhm_avg": 1.86681,
  "fwhm_x": 1.7747400000000002,
  "fwhm_y": 1.95015,
  "fwhm_z": 1.87554,
  "gcor": 0.0403223,
  "gsr_x": 0.0010283674346283078,
  "gsr_y": 0.03651699423789978,
  "provenance": {
    "md5sum": "90c149d4577a695f14db5eb420090df9",
    "settings": {
      "fd_thres": 0.2,
      "testing": false
    },
    "software": "mriqc",
    "version": "23.1.0"
  },
  "size_t": 178,
  "size_x": 64,
  "size_y": 64,
  "size_z": 50,
  "snr": 4.098961740141604,
  "spacing_tr": 3.0,
  "spacing_x": 3.0,
  "spacing_y": 3.0,
  "spacing_z": 3.0,
  "summary_bg_k": 20.434253134711096,
  "summary_bg_mad": 16.0920684688594,
  "summary_bg_mean": 66.8449633736455,
  "summary_bg_median": 35.117977142333984,
  "summary_bg_n": 155212.0,
  "summary_bg_p05": 22.741573333740234,
  "summary_bg_p95": 231.505615234375,
  "summary_bg_stdv": 81.43930010163285,
  "summary_fg_k": 1.2759013310164242,
  "summary_fg_mad": 160.29179584777006,
  "summary_fg_mean": 826.7829701515266,
  "summary_fg_median": 812.5814819335938,
  "summary_fg_n": 49588.0,
  "summary_fg_p05": 505.3258361816406,
  "summary_fg_p95": 1176.6348876953125,
  "summary_fg_stdv": 198.23880779535511,
  "tsnr": 62.06831505289301
}