{
  "aor": 0.00047615819209039553,
  "aqi": 0.003824070225988701,
  "bids_meta": {
    "dataset": "ds001246",
    "modality": "bold",
    "run_id": 2,
    "session_id": "perceptionTest05",
    "subject_id": "03",
    "task_id": "perception"
  },
  "dummy_trs": 1,
  "dvars_nstd": 21.042404836363637,
  "dvars_std": 1.0615516226704544,
  "dvars_vstd": 1.0028147369318179,
  "efc": 0.573601778727468,
  "fber": 493.9397277832031,
  "fd_mean": 0.04399679906112545,
  "fd_num": 0,
  "fd_perc": 0.0,
  "fwhm_avg": 1.9329111111111112,
  "fwhm_x": 1.81594,
  "fwhm_y": 2.0459533333333333,
  "fwhm_z": 1.9368400000000001,
  "gcor": 0.0256065,
  "gsr_x": -0.004614764358848333,
  "gsr_y": 0.04557768255472183,
  "provenance": {
    "md5sum": "c09dfba12b45795c1307fb0d409dc6dd",
    "settings": {
      "fd_thres": 0.2,
      "testing": false
    },
    "software": "mriqc",
    "version": "23.1.0"
  },
  "size_t": 177,
  "size_x": 64,
  "size_y": 64,
  "size_z": 50,
  "snr": 4.036064339268416,
  "spacing_tr": 3.0,
  "spacing_x": 3.0,
  "spacing_y": 3.0,
  "spacing_z": 3.0,
  "summary_bg_k": 27.929676523102888,
  "summary_bg_mad": 16.157852494831946,
  "summary_bg_mean": 73.36368893063565,
  "summary_bg_median": 35.694915771484375,
  "summary_bg_n": 154184.0,
  "summary_bg_p05": 23.9209041595459,
  "summary_bg_p95": 262.0169372558594,
  "summary_bg_stdv": 94.42958986833811,
  "summary_fg_k": 1.4546121152741396,
  "summary_fg_mad": 164.97510496139603,
  "summary_fg_mean": 807.8844860686743,
  "summary_fg_median": 793.3107299804688,
  "summary_fg_n": 50616.0,
  "summary_fg_p05": 495.09039306640625,
  "summary_fg_p95": 1146.559326171875,
  "summary_fg_stdv": 196.55357960044017,
  "tsnr": 67.93957079038955
}