{
  "aor": 0.0012519774011299435,
  "aqi": 0.006924537344632768,
  "bids_meta": {
    "dataset": "ds001246",
    "modality": "bold",
    "run_id": 8,
    "session_id": "perceptionTest02",
    "subject_id": "01",
    "task_id": "perception"
  },
  "dummy_trs": 1,
  "dvars_nstd": 25.080414511818166,
  "dvars_std": 1.0899843080681824,
  "dvars_vstd": 1.0052845247159095,
  "efc": 0.5883252838325118,
  "fber": 448.55609130859375,
  "fd_mean": 0.12020151548884918,
  "fd_num": 22,
  "fd_perc": 12.429378531073446,
  "fwhm_avg": 1.9384744444444444,
  "fwhm_x": 1.8407566666666666,
  "fwhm_y": 2.04069,
  "fwhm_z": 1.9339766666666665,
  "gcor": 0.0264246,
  "gsr_x": 0.003398654516786337,
  "gsr_y": 0.03447110950946808,
  "provenance": {
    "md5sum": "757de62e69bdae86a3a5f7221f9a150f",
    "settings": {
      "fd_thres": 0.2,
      "testing": false
    },
    "software": "mriqc",
    "version": "23.1.0"
  },
  "size_t": 177,
  "size_x": 64,
  "size_y": 64,
  "size_z": 50,
  "snr": 4.13316096072032,
  "spacing_tr": 3.0,
  "spacing_x": 3.0,
  "spacing_y": 3.0,
  "spacing_z": 3.0,
  "summary_bg_k": 16.21814437648299,
  "summary_bg_mad": 19.307333080770682,
  "summary_bg_mean": 76.54683931571661,
  "summary_bg_median": 38.87005615234375,
  "summary_bg_n": 150440.0,
  "summary_bg_p05": 23.73446273803711,
  "summary_bg_p95": 266.4322052001953,
  "summary_bg_stdv": 90.51855419368297,
  "summary_fg_k": 1.294718021760831,
  "summary_fg_mad": 167.58427311735804,
  "summary_fg_mean": 832.3784734434025,
  "summary_fg_median": 823.2344665527344,
  "summary_fg_n": 54360.0,
  "summary_fg_p05": 507.87005615234375,
  "summary_fg_p95": 1168.6299438476562,
  "summary_fg_stdv": 199.17610329733907,
  "tsnr": 53.83633949095383
}