{
  "aor": 0.001048314606741573,
  "aqi": 0.009862776292134832,
  "bids_meta": {
    "dataset": "ds001246",
    "modality": "bold",
    "run_id": 5,
    "session_id": "perceptionTest02",
    "subject_id": "01",
    "task_id": "perception"
  },
  "dummy_trs": 0,
  "dvars_nstd": 25.26297295581921,
  "dvars_std": 1.0544435815254238,
  "dvars_vstd": 0.9822644982485884,
  "efc": 0.5870793422378736,
  "fber": 453.4200744628906,
  "fd_mean": 0.13349188783498364,
  "fd_num": 30,
  "fd_perc": 16.853932584269664,
  "fwhm_avg": 1.9615755555555554,
  "fwhm_x": 1.8585033333333334,
  "fwhm_y": 2.05931,
  "fwhm_z": 1.9669133333333333,
  "gcor": 0.0179231,
  "gsr_x": 0.0038346450310200453,
  "gsr_y": 0.03355399891734123,
  "provenance": {
    "md5sum": "c5117395b9cde62743a5c51a67277967",
    "settings": {
      "fd_thres": 0.2,
      "testing": false
    },
    "software": "mriqc",
    "version": "23.1.0"
  },
  "size_t": 178,
  "size_x": 64,
  "size_y": 64,
  "size_z": 50,
  "snr": 4.126652064889986,
  "spacing_tr": 3.0,
  "spacing_x": 3.0,
  "spacing_y": 3.0,
  "spacing_z": 3.0,
  "summary_bg_k": 16.65830943052128,
  "summary_bg_mad": 18.915674507877075,
  "summary_bg_mean": 75.74304299805198,
  "summary_bg_median": 38.56741714477539,
  "summary_bg_n": 150558.0,
  "summary_bg_p05": 23.629213333129883,
  "summary_bg_p95": 263.62359619140625,
  "summary_bg_stdv": 89.65407396393924,
  "summary_fg_k": 1.253601061812038,
  "summary_fg_mad": 167.90470124575944,
  "summary_fg_mean": 830.6161274221996,
  "summary_fg_median": 821.2415771484375,
  "summary_fg_n": 54242.0,
  "summary_fg_p05": 504.9494323730469,
  "summary_fg_p95": 1166.6854248046875,
  "summary_fg_stdv": 199.00732943723685,
  "tsnr": 46.37993508530781
}