{
  "aor": 0.0004556179775280899,
  "aqi": 0.005159605955056179,
  "bids_meta": {
    "dataset": "ds001246",
    "modality": "bold",
    "run_id": 4,
    "session_id": "perceptionTest03",
    "subject_id": "04",
    "task_id": "perception"
  },
  "dummy_trs": 0,
  "dvars_nstd": 22.77455416107346,
  "dvars_std": 1.0763484671186443,
  "dvars_vstd": 1.0021624640677969,
  "efc": 0.5681838626879334,
  "fber": 533.381103515625,
  "fd_mean": 0.044452564842951875,
  "fd_num": 1,
  "fd_perc": 0.5617977528089888,
  "fwhm_avg": 1.9774766666666668,
  "fwhm_x": 1.8724100000000001,
  "fwhm_y": 2.0816933333333334,
  "fwhm_z": 1.9783266666666668,
  "gcor": 0.0352928,
  "gsr_x": -0.00011814432946266606,
  "gsr_y": 0.028744135051965714,
  "provenance": {
    "md5sum": "d762ea5b363620c5c8323caddd7d9efc",
    "settings": {
      "fd_thres": 0.2,
      "testing": false
    },
    "software": "mriqc",
    "version": "23.1.0"
  },
  "size_t": 178,
  "size_x": 64,
  "size_y": 64,
  "size_z": 50,
  "snr": 4.363817390446063,
  "spacing_tr": 3.0,
  "spacing_x": 3.0,
  "spacing_y": 3.0,
  "spacing_z": 3.0,
  "summary_bg_k": 20.196902235788297,
  "summary_bg_mad": 15.933808441625004,
  "summary_bg_mean": 70.91042391134957,
  "summary_bg_median": 36.05617904663086,
  "summary_bg_n": 154700.0,
  "summary_bg_p05": 24.30337142944336,
  "summary_bg_p95": 257.2275390625,
  "summary_bg_stdv": 87.40176365709124,
  "summary_fg_k": 1.3048140415705385,
  "summary_fg_mad": 154.49051742820367,
  "summary_fg_mean": 831.7129533646635,
  "summary_fg_median": 832.7191162109375,
  "summary_fg_n": 50100.0,
  "summary_fg_p05": 494.2415771484375,
  "summary_fg_p95": 1137.3651733398438,
  "summary_fg_stdv": 190.82164332140545,
  "tsnr": 65.12480965233408
}