{
  "aor": 0.0005498870056497176,
  "aqi": 0.004705024293785311,
  "bids_meta": {
    "dataset": "ds001246",
    "modality": "bold",
    "run_id": 1,
    "session_id": "perceptionTest03",
    "subject_id": "04",
    "task_id": "perception"
  },
  "dummy_trs": 1,
  "dvars_nstd": 23.07104268965908,
  "dvars_std": 1.0875495625568186,
  "dvars_vstd": 1.0075154454545443,
  "efc": 0.5651409332108106,
  "fber": 558.64990234375,
  "fd_mean": 0.04762382893786177,
  "fd_num": 4,
  "fd_perc": 2.2598870056497176,
  "fwhm_avg": 1.9850866666666667,
  "fwhm_x": 1.8781766666666666,
  "fwhm_y": 2.0861899999999998,
  "fwhm_z": 1.9908933333333334,
  "gcor": 0.0313151,
  "gsr_x": -0.0005941772251389921,
  "gsr_y": 0.028594885021448135,
  "provenance": {
    "md5sum": "58ded6f6e435f2d2f1e71aabd5dfbcc3",
    "settings": {
      "fd_thres": 0.2,
      "testing": false
    },
    "software": "mriqc",
    "version": "23.1.0"
  },
  "size_t": 177,
  "size_x": 64,
  "size_y": 64,
  "size_z": 50,
  "snr": 4.36297158281704,
  "spacing_tr": 3.0,
  "spacing_x": 3.0,
  "spacing_y": 3.0,
  "spacing_z": 3.0,
  "summary_bg_k": 20.361518124808658,
  "summary_bg_mad": 14.66687421627688,
  "summary_bg_mean": 68.82027015807182,
  "summary_bg_median": 34.99435043334961,
  "summary_bg_n": 154856.0,
  "summary_bg_p05": 24.169490814208984,
  "summary_bg_p95": 251.6327667236328,
  "summary_bg_stdv": 85.3984596565517,
  "summary_fg_k": 1.2419420561965504,
  "summary_fg_mad": 154.35396672338646,
  "summary_fg_mean": 826.1149637591814,
  "summary_fg_median": 827.1186218261719,
  "summary_fg_n": 49944.0,
  "summary_fg_p05": 490.8587646484375,
  "summary_fg_p95": 1129.6610107421875,
  "summary_fg_stdv": 189.57500080492125,
  "tsnr": 67.32247006893158
}