{
  "aor": 0.00042483146067415727,
  "aqi": 0.0052410444943820226,
  "bids_meta": {
    "dataset": "ds001246",
    "modality": "bold",
    "run_id": 1,
    "session_id": "perceptionTraining02",
    "subject_id": "04",
    "task_id": "perception"
  },
  "dummy_trs": 0,
  "dvars_nstd": 23.513698038700557,
  "dvars_std": 1.0998173701694913,
  "dvars_vstd": 1.0019440966666668,
  "efc": 0.5669699463578626,
  "fber": 579.2255859375,
  "fd_mean": 0.04510134413948331,
  "fd_num": 1,
  "fd_perc": 0.5617977528089888,
  "fwhm_avg": 1.96595,
  "fwhm_x": 1.8633,
  "fwhm_y": 2.0626233333333333,
  "fwhm_z": 1.9719266666666666,
  "gcor": 0.0601679,
  "gsr_x": -0.0005096272798255086,
  "gsr_y": 0.03142131119966507,
  "provenance": {
    "md5sum": "a2cea63ad58814b217e262edbee8b848",
    "settings": {
      "fd_thres": 0.2,
      "testing": false
    },
    "software": "mriqc",
    "version": "23.1.0"
  },
  "size_t": 178,
  "size_x": 64,
  "size_y": 64,
  "size_z": 50,
  "snr": 4.431566878032093,
  "spacing_tr": 3.0,
  "spacing_x": 3.0,
  "spacing_y": 3.0,
  "spacing_z": 3.0,
  "summary_bg_k": 19.60111051563425,
  "summary_bg_mad": 14.434550249557166,
  "summary_bg_mean": 68.7801368132135,
  "summary_bg_median": 34.449440002441406,
  "summary_bg_n": 154252.0,
  "summary_bg_p05": 23.741573333740234,
  "summary_bg_p95": 251.9157257080078,
  "summary_bg_stdv": 85.4163465332348,
  "summary_fg_k": 1.2604397146826996,
  "summary_fg_mad": 151.93342676105698,
  "summary_fg_mean": 828.0067769701349,
  "summary_fg_median": 829.0983276367188,
  "summary_fg_n": 50548.0,
  "summary_fg_p05": 498.84832763671875,
  "summary_fg_p95": 1125.6236572265625,
  "summary_fg_stdv": 187.0873551760769,
  "tsnr": 63.39555164508056
}