{
  "aor": 0.0015237078651685395,
  "aqi": 0.009178121573033708,
  "bids_meta": {
    "dataset": "ds001246",
    "modality": "bold",
    "run_id": 9,
    "session_id": "perceptionTest01",
    "subject_id": "02",
    "task_id": "perception"
  },
  "dummy_trs": 0,
  "dvars_nstd": 30.495907605536722,
  "dvars_std": 1.1749281488135592,
  "dvars_vstd": 1.007845601581921,
  "efc": 0.5705765381361462,
  "fber": 451.07989501953125,
  "fd_mean": 0.15374726622682963,
  "fd_num": 42,
  "fd_perc": 23.59550561797753,
  "fwhm_avg": 1.8972887859755174,
  "fwhm_x": 1.8070166666666667,
  "fwhm_y": 1.9794265093559813,
  "fwhm_z": 1.905423181903904,
  "gcor": 0.0264894,
  "gsr_x": 0.021662654355168343,
  "gsr_y": 0.02477872185409069,
  "provenance": {
    "md5sum": "599bb329ab94b53bc45748dfaab67e0b",
    "settings": {
      "fd_thres": 0.2,
      "testing": false
    },
    "software": "mriqc",
    "version": "23.1.0"
  },
  "size_t": 178,
  "size_x": 64,
  "size_y": 64,
  "size_z": 50,
  "snr": 4.129740211204259,
  "spacing_tr": 3.0,
  "spacing_x": 3.0,
  "spacing_y": 3.000000238418579,
  "spacing_z": 3.000000238418579,
  "summary_bg_k": 22.053905178530734,
  "summary_bg_mad": 18.973978898862846,
  "summary_bg_mean": 78.56821754145932,
  "summary_bg_median": 40.06741714477539,
  "summary_bg_n": 155641.0,
  "summary_bg_p05": 25.64044952392578,
  "summary_bg_p95": 293.9101257324219,
  "summary_bg_stdv": 100.83482529247134,
  "summary_fg_k": 1.7344364582026879,
  "summary_fg_mad": 163.51933328230615,
  "summary_fg_mean": 860.5597277400952,
  "summary_fg_median": 850.9775390625,
  "summary_fg_n": 49159.0,
  "summary_fg_p05": 525.544921875,
  "summary_fg_p95": 1214.7528076171875,
  "summary_fg_stdv": 206.0586962228826,
  "tsnr": 50.999414920806885
}