{
  "aor": 0.002218342857142857,
  "aqi": 0.0066989681714285714,
  "bids_meta": {
    "dataset": "ds001246",
    "modality": "bold",
    "run_id": 1,
    "session_id": "perceptionTraining02",
    "subject_id": "03",
    "task_id": "perception"
  },
  "dummy_trs": 3,
  "dvars_nstd": 23.73386082712644,
  "dvars_std": 1.1116675458620684,
  "dvars_vstd": 1.0151619539080456,
  "efc": 0.5725729560752553,
  "fber": 502.5032653808594,
  "fd_mean": 0.06815053606698379,
  "fd_num": 5,
  "fd_perc": 2.857142857142857,
  "fwhm_avg": 1.958231111111111,
  "fwhm_x": 1.8270766666666667,
  "fwhm_y": 2.053783333333333,
  "fwhm_z": 1.9938333333333331,
  "gcor": 0.0152868,
  "gsr_x": -0.003587774932384491,
  "gsr_y": 0.043857742100954056,
  "provenance": {
    "md5sum": "b6df14c966e64deb2bfc411f83eb894a",
    "settings": {
      "fd_thres": 0.2,
      "testing": false
    },
    "software": "mriqc",
    "version": "23.1.0"
  },
  "size_t": 175,
  "size_x": 64,
  "size_y": 64,
  "size_z": 50,
  "snr": 4.068534057431973,
  "spacing_tr": 3.0,
  "spacing_x": 3.0,
  "spacing_y": 3.0,
  "spacing_z": 3.0,
  "summary_bg_k": 22.070811217292547,
  "summary_bg_mad": 16.960967343659778,
  "summary_bg_mean": 70.65570717991972,
  "summary_bg_median": 34.79999923706055,
  "summary_bg_n": 153888.0,
  "summary_bg_p05": 19.34857177734375,
  "summary_bg_p95": 255.87428283691406,
  "summary_bg_stdv": 90.2246146598148,
  "summary_fg_k": 1.3263668677534586,
  "summary_fg_mad": 161.30289545033796,
  "summary_fg_mean": 794.239075812321,
  "summary_fg_median": 780.0971069335938,
  "summary_fg_n": 50912.0,
  "summary_fg_p05": 488.6571350097656,
  "summary_fg_p95": 1126.3143310546875,
  "summary_fg_stdv": 191.73722885292247,
  "tsnr": 54.36811768938787
}