{
  "aor": 0.0004503389830508475,
  "aqi": 0.004787627062146893,
  "bids_meta": {
    "dataset": "ds001246",
    "modality": "bold",
    "run_id": 6,
    "session_id": "perceptionTraining02",
    "subject_id": "03",
    "task_id": "perception"
  },
  "dummy_trs": 1,
  "dvars_nstd": 23.232021396931813,
  "dvars_std": 1.0901345906818174,
  "dvars_vstd": 0.989239764034091,
  "efc": 0.5759772505211611,
  "fber": 492.4560241699219,
  "fd_mean": 0.05483224730702618,
  "fd_num": 2,
  "fd_perc": 1.1299435028248588,
  "fwhm_avg": 1.9389066666666668,
  "fwhm_x": 1.82219,
  "fwhm_y": 2.04052,
  "fwhm_z": 1.95401,
  "gcor": 0.0230404,
  "gsr_x": -0.0032987743616104126,
  "gsr_y": 0.04426079988479614,
  "provenance": {
    "md5sum": "7d5dade95089931da5124393c9daf1d6",
    "settings": {
      "fd_thres": 0.2,
      "testing": false
    },
    "software": "mriqc",
    "version": "23.1.0"
  },
  "size_t": 177,
  "size_x": 64,
  "size_y": 64,
  "size_z": 50,
  "snr": 4.057523779413847,
  "spacing_tr": 3.0,
  "spacing_x": 3.0,
  "spacing_y": 3.0,
  "spacing_z": 3.0,
  "summary_bg_k": 23.294392566017184,
  "summary_bg_mad": 16.107593306695847,
  "summary_bg_mean": 72.5340261150829,
  "summary_bg_median": 35.13559341430664,
  "summary_bg_n": 153713.0,
  "summary_bg_p05": 22.87005615234375,
  "summary_bg_p95": 260.6610107421875,
  "summary_bg_stdv": 92.5477879970775,
  "summary_fg_k": 1.444547599661572,
  "summary_fg_mad": 160.02882941423871,
  "summary_fg_mean": 793.4235589244715,
  "summary_fg_median": 779.7062377929688,
  "summary_fg_n": 51087.0,
  "summary_fg_p05": 486.9943542480469,
  "summary_fg_p95": 1124.27685546875,
  "summary_fg_stdv": 192.16119214150882,
  "tsnr": 62.810503722168505
}