{
  "aor": 0.0008657276995305166,
  "aqi": 0.009068546338028168,
  "bids_meta": {
    "dataset": "ds001246",
    "modality": "bold",
    "run_id": 3,
    "session_id": "imageryTest01",
    "subject_id": "04",
    "task_id": "imagery"
  },
  "dummy_trs": 0,
  "dvars_nstd": 25.22294768735851,
  "dvars_std": 1.0739899525943395,
  "dvars_vstd": 0.9839404541981124,
  "efc": 0.5722490862509383,
  "fber": 520.2025756835938,
  "fd_mean": 0.07901040820411606,
  "fd_num": 7,
  "fd_perc": 3.2863849765258215,
  "fwhm_avg": 1.936398888888889,
  "fwhm_x": 1.8216766666666666,
  "fwhm_y": 2.036166666666667,
  "fwhm_z": 1.9513533333333333,
  "gcor": 0.0724494,
  "gsr_x": -0.001620223862119019,
  "gsr_y": 0.03235410153865814,
  "provenance": {
    "md5sum": "b3451c4d5f13fa35ec63b71e8f82c7ee",
    "settings": {
      "fd_thres": 0.2,
      "testing": false
    },
    "software": "mriqc",
    "version": "23.1.0"
  },
  "size_t": 213,
  "size_x": 64,
  "size_y": 64,
  "size_z": 50,
  "snr": 4.399632812736036,
  "spacing_tr": 3.0,
  "spacing_x": 3.0,
  "spacing_y": 3.0,
  "spacing_z": 3.0,
  "summary_bg_k": 24.267001483560065,
  "summary_bg_mad": 16.44087679262082,
  "summary_bg_mean": 70.80354349651442,
  "summary_bg_median": 35.54460144042969,
  "summary_bg_n": 153959.0,
  "summary_bg_p05": 22.06572723388672,
  "summary_bg_p95": 256.01409912109375,
  "summary_bg_stdv": 89.81463062817843,
  "summary_fg_k": 1.2323887124618427,
  "summary_fg_mad": 150.48756383092498,
  "summary_fg_mean": 812.1698692509207,
  "summary_fg_median": 810.6995239257812,
  "summary_fg_n": 50841.0,
  "summary_fg_p05": 489.65728759765625,
  "summary_fg_p95": 1109.91552734375,
  "summary_fg_stdv": 184.26345686135002,
  "tsnr": 53.301479909569025
}