{
  "aor": 0.0017641011235955053,
  "aqi": 0.0075881560674157305,
  "bids_meta": {
    "dataset": "ds001246",
    "modality": "bold",
    "run_id": 3,
    "session_id": "perceptionTraining03",
    "subject_id": "02",
    "task_id": "perception"
  },
  "dummy_trs": 0,
  "dvars_nstd": 28.50422660920904,
  "dvars_std": 1.1899731304519774,
  "dvars_vstd": 1.0273637387570627,
  "efc": 0.5687652579868299,
  "fber": 446.97998046875,
  "fd_mean": 0.11429953873480807,
  "fd_num": 21,
  "fd_perc": 11.797752808988765,
  "fwhm_avg": 1.9127633333333334,
  "fwhm_x": 1.82021,
  "fwhm_y": 1.99909,
  "fwhm_z": 1.91899,
  "gcor": 0.0467987,
  "gsr_x": 0.015005450695753098,
  "gsr_y": 0.021443556994199753,
  "provenance": {
    "md5sum": "3fc60f4a8256f22d7ab0f57fb28032f7",
    "settings": {
      "fd_thres": 0.2,
      "testing": false
    },
    "software": "mriqc",
    "version": "23.1.0"
  },
  "size_t": 178,
  "size_x": 64,
  "size_y": 64,
  "size_z": 50,
  "snr": 4.011333948093325,
  "spacing_tr": 3.0,
  "spacing_x": 3.0,
  "spacing_y": 3.0,
  "spacing_z": 3.0,
  "summary_bg_k": 21.1023248977076,
  "summary_bg_mad": 20.32331070615604,
  "summary_bg_mean": 79.28259024902674,
  "summary_bg_median": 41.09550476074219,
  "summary_bg_n": 155544.0,
  "summary_bg_p05": 24.949438095092773,
  "summary_bg_p95": 296.7865295410156,
  "summary_bg_stdv": 100.01936049141091,
  "summary_fg_k": 1.7443859518517808,
  "summary_fg_mad": 170.19945891538123,
  "summary_fg_mean": 883.6682546165096,
  "summary_fg_median": 868.8370971679688,
  "summary_fg_n": 49256.0,
  "summary_fg_p05": 540.5562133789062,
  "summary_fg_p95": 1267.8033447265625,
  "summary_fg_stdv": 216.5933549186194,
  "tsnr": 53.587353128008544
}