{
  "aor": 0.0005142696629213484,
  "aqi": 0.007156419719101124,
  "bids_meta": {
    "dataset": "ds001246",
    "modality": "bold",
    "run_id": 3,
    "session_id": "perceptionTraining05",
    "subject_id": "05",
    "task_id": "perception"
  },
  "dummy_trs": 0,
  "dvars_nstd": 24.648416530000002,
  "dvars_std": 1.1005680523163837,
  "dvars_vstd": 0.989828532542373,
  "efc": 0.5610878845417735,
  "fber": 529.4202880859375,
  "fd_mean": 0.06007901137314544,
  "fd_num": 2,
  "fd_perc": 1.1235955056179776,
  "fwhm_avg": 1.882518888888889,
  "fwhm_x": 1.7909433333333336,
  "fwhm_y": 1.9720866666666668,
  "fwhm_z": 1.8845266666666667,
  "gcor": 0.0452221,
  "gsr_x": -0.0005751894204877317,
  "gsr_y": 0.03279363736510277,
  "provenance": {
    "md5sum": "d7deaf1066530862fadc86b65b529457",
    "settings": {
      "fd_thres": 0.2,
      "testing": false
    },
    "software": "mriqc",
    "version": "23.1.0"
  },
  "size_t": 178,
  "size_x": 64,
  "size_y": 64,
  "size_z": 50,
  "snr": 4.065688929821682,
  "spacing_tr": 3.0,
  "spacing_x": 3.0,
  "spacing_y": 3.0,
  "spacing_z": 3.0,
  "summary_bg_k": 18.51358513889177,
  "summary_bg_mad": 16.93331673084288,
  "summary_bg_mean": 69.27771435419865,
  "summary_bg_median": 36.89887619018555,
  "summary_bg_n": 154685.0,
  "summary_bg_p05": 23.505619049072266,
  "summary_bg_p95": 242.0898895263672,
  "summary_bg_stdv": 82.94391218681255,
  "summary_fg_k": 1.270475428038635,
  "summary_fg_mad": 169.41644152056134,
  "summary_fg_mean": 864.9806046901605,
  "summary_fg_median": 849.01123046875,
  "summary_fg_n": 50115.0,
  "summary_fg_p05": 527.449462890625,
  "summary_fg_p95": 1234.6798095703125,
  "summary_fg_stdv": 208.82137675837248,
  "tsnr": 58.341710867825896
}