{
  "aor": 0.0011603370786516854,
  "aqi": 0.00476877213483146,
  "bids_meta": {
    "dataset": "ds001246",
    "modality": "bold",
    "run_id": 2,
    "session_id": "perceptionTraining02",
    "subject_id": "03",
    "task_id": "perception"
  },
  "dummy_trs": 0,
  "dvars_nstd": 23.79806134943503,
  "dvars_std": 1.132517173220339,
  "dvars_vstd": 1.015121697062147,
  "efc": 0.5725170662540336,
  "fber": 513.8490600585938,
  "fd_mean": 0.05712778435699798,
  "fd_num": 3,
  "fd_perc": 1.6853932584269662,
  "fwhm_avg": 1.9349299999999998,
  "fwhm_x": 1.81308,
  "fwhm_y": 2.0341299999999998,
  "fwhm_z": 1.95758,
  "gcor": 0.0412384,
  "gsr_x": -0.003066019620746374,
  "gsr_y": 0.04457114264369011,
  "provenance": {
    "md5sum": "e8ee64f9d12ad9772a839e76a73c1025",
    "settings": {
      "fd_thres": 0.2,
      "testing": false
    },
    "software": "mriqc",
    "version": "23.1.0"
  },
  "size_t": 178,
  "size_x": 64,
  "size_y": 64,
  "size_z": 50,
  "snr": 4.064790467459041,
  "spacing_tr": 3.0,
  "spacing_x": 3.0,
  "spacing_y": 3.0,
  "spacing_z": 3.0,
  "summary_bg_k": 23.02651189331889,
  "summary_bg_mad": 15.875506878478546,
  "summary_bg_mean": 71.11464425193148,
  "summary_bg_median": 34.51123809814453,
  "summary_bg_n": 153974.0,
  "summary_bg_p05": 22.033708572387695,
  "summary_bg_p95": 257.13482666015625,
  "summary_bg_stdv": 91.32173974491502,
  "summary_fg_k": 1.4170271127035843,
  "summary_fg_mad": 160.18356878152662,
  "summary_fg_mean": 796.9061100876505,
  "summary_fg_median": 782.3090209960938,
  "summary_fg_n": 50826.0,
  "summary_fg_p05": 491.0786437988281,
  "summary_fg_p95": 1128.8089599609375,
  "summary_fg_stdv": 192.45797077806114,
  "tsnr": 62.25424549775198
}