{
  "aor": 0.0011059322033898306,
  "aqi": 0.00585798943502825,
  "bids_meta": {
    "dataset": "ds001246",
    "modality": "bold",
    "run_id": 8,
    "session_id": "perceptionTraining02",
    "subject_id": "03",
    "task_id": "perception"
  },
  "dummy_trs": 1,
  "dvars_nstd": 23.42041940034092,
  "dvars_std": 1.083745999545455,
  "dvars_vstd": 0.985317240454545,
  "efc": 0.57726271640926,
  "fber": 483.2509765625,
  "fd_mean": 0.056568206125541275,
  "fd_num": 3,
  "fd_perc": 1.694915254237288,
  "fwhm_avg": 1.9448533333333333,
  "fwhm_x": 1.8217566666666667,
  "fwhm_y": 2.04234,
  "fwhm_z": 1.9704633333333332,
  "gcor": 0.0169149,
  "gsr_x": -0.003658061847090721,
  "gsr_y": 0.04373133182525635,
  "provenance": {
    "md5sum": "acf202af4a31f1352b383c974f787283",
    "settings": {
      "fd_thres": 0.2,
      "testing": false
    },
    "software": "mriqc",
    "version": "23.1.0"
  },
  "size_t": 177,
  "size_x": 64,
  "size_y": 64,
  "size_z": 50,
  "snr": 4.07753080006113,
  "spacing_tr": 3.0,
  "spacing_x": 3.0,
  "spacing_y": 3.0,
  "spacing_z": 3.0,
  "summary_bg_k": 22.115885880171216,
  "summary_bg_mad": 16.35050187596963,
  "summary_bg_mean": 73.09966525949821,
  "summary_bg_median": 35.49717330932617,
  "summary_bg_n": 153655.0,
  "summary_bg_p05": 23.361581802368164,
  "summary_bg_p95": 262.0,
  "summary_bg_stdv": 92.55269798457832,
  "summary_fg_k": 1.4434739045019702,
  "summary_fg_mad": 159.54307448815607,
  "summary_fg_mean": 793.7536359840129,
  "summary_fg_median": 780.3333129882812,
  "summary_fg_n": 51145.0,
  "summary_fg_p05": 489.7005615234375,
  "summary_fg_p95": 1123.0225830078125,
  "summary_fg_stdv": 191.37211282425093,
  "tsnr": 60.18525881320238
}