{
  "aor": 0.0009340449438202246,
  "aqi": 0.004199379213483146,
  "bids_meta": {
    "dataset": "ds001246",
    "modality": "bold",
    "run_id": 4,
    "session_id": "perceptionTraining02",
    "subject_id": "03",
    "task_id": "perception"
  },
  "dummy_trs": 0,
  "dvars_nstd": 23.555304413954804,
  "dvars_std": 1.135119852485875,
  "dvars_vstd": 1.0170305435028244,
  "efc": 0.5743475792068643,
  "fber": 501.399169921875,
  "fd_mean": 0.0534885139301694,
  "fd_num": 1,
  "fd_perc": 0.5617977528089888,
  "fwhm_avg": 1.9342322222222224,
  "fwhm_x": 1.8036199999999998,
  "fwhm_y": 2.03075,
  "fwhm_z": 1.9683266666666668,
  "gcor": 0.0306908,
  "gsr_x": -0.003991442732512951,
  "gsr_y": 0.04478665068745613,
  "provenance": {
    "md5sum": "90f1cd436a3f4005d07a5af1a705240e",
    "settings": {
      "fd_thres": 0.2,
      "testing": false
    },
    "software": "mriqc",
    "version": "23.1.0"
  },
  "size_t": 178,
  "size_x": 64,
  "size_y": 64,
  "size_z": 50,
  "snr": 4.060127116197533,
  "spacing_tr": 3.0,
  "spacing_x": 3.0,
  "spacing_y": 3.0,
  "spacing_z": 3.0,
  "summary_bg_k": 23.03866664762273,
  "summary_bg_mad": 16.133711230604305,
  "summary_bg_mean": 72.11757037427213,
  "summary_bg_median": 34.938201904296875,
  "summary_bg_n": 153872.0,
  "summary_bg_p05": 22.4887638092041,
  "summary_bg_p95": 260.2809143066406,
  "summary_bg_stdv": 92.34650878265896,
  "summary_fg_k": 1.4196531429398513,
  "summary_fg_mad": 160.05023050217062,
  "summary_fg_mean": 796.8423690349098,
  "summary_fg_median": 782.3342895507812,
  "summary_fg_n": 50928.0,
  "summary_fg_p05": 492.0561828613281,
  "summary_fg_p95": 1132.5673828125,
  "summary_fg_stdv": 192.6852500761789,
  "tsnr": 64.57632456684951
}