{
  "aor": 0.005485842696629214,
  "aqi": 0.0072993924157303365,
  "bids_meta": {
    "dataset": "ds001246",
    "modality": "bold",
    "run_id": 2,
    "session_id": "perceptionTest02",
    "subject_id": "02",
    "task_id": "perception"
  },
  "dummy_trs": 0,
  "dvars_nstd": 28.362364375649722,
  "dvars_std": 1.2190938611299436,
  "dvars_vstd": 1.063646866045198,
  "efc": 0.571466716977704,
  "fber": 447.59149169921875,
  "fd_mean": 0.11240340813993713,
  "fd_num": 20,
  "fd_perc": 11.235955056179776,
  "fwhm_avg": 1.8992777777777778,
  "fwhm_x": 1.8023033333333334,
  "fwhm_y": 1.9923566666666668,
  "fwhm_z": 1.9031733333333334,
  "gcor": 0.0224499,
  "gsr_x": 0.019480496644973755,
  "gsr_y": 0.023664135485887527,
  "provenance": {
    "md5sum": "c3e99ae7e8a1463d4fe4cf35da995480",
    "settings": {
      "fd_thres": 0.2,
      "testing": false
    },
    "software": "mriqc",
    "version": "23.1.0"
  },
  "size_t": 178,
  "size_x": 64,
  "size_y": 64,
  "size_z": 50,
  "snr": 4.151110084421241,
  "spacing_tr": 3.0,
  "spacing_x": 3.0,
  "spacing_y": 3.0,
  "spacing_z": 3.0,
  "summary_bg_k": 21.206534101530092,
  "summary_bg_mad": 19.39043762254437,
  "summary_bg_mean": 79.80310752832246,
  "summary_bg_median": 40.60112380981445,
  "summary_bg_n": 155703.0,
  "summary_bg_p05": 26.106740951538086,
  "summary_bg_p95": 298.3370666503906,
  "summary_bg_stdv": 101.60587738428445,
  "summary_fg_k": 1.7211235376574,
  "summary_fg_mad": 165.01867630955343,
  "summary_fg_mean": 868.5410941995899,
  "summary_fg_median": 858.971923828125,
  "summary_fg_n": 49097.0,
  "summary_fg_p05": 535.7022705078125,
  "summary_fg_p95": 1224.7471923828125,
  "summary_fg_stdv": 206.9237284996239,
  "tsnr": 55.248123766388744
}