{
  "aor": 0.0010542134831460672,
  "aqi": 0.006879164101123596,
  "bids_meta": {
    "dataset": "ds001246",
    "modality": "bold",
    "run_id": 3,
    "session_id": "perceptionTest02",
    "subject_id": "02",
    "task_id": "perception"
  },
  "dummy_trs": 0,
  "dvars_nstd": 28.219587056892674,
  "dvars_std": 1.1821389253107335,
  "dvars_vstd": 1.0219634446892654,
  "efc": 0.571389212308496,
  "fber": 451.1283874511719,
  "fd_mean": 0.12414378108686415,
  "fd_num": 20,
  "fd_perc": 11.235955056179776,
  "fwhm_avg": 1.870957777777778,
  "fwhm_x": 1.7861200000000002,
  "fwhm_y": 1.9653933333333333,
  "fwhm_z": 1.8613600000000001,
  "gcor": 0.0545425,
  "gsr_x": 0.020091835409402847,
  "gsr_y": 0.02370692417025566,
  "provenance": {
    "md5sum": "d82a42a208753795c6232e7da979ae9d",
    "settings": {
      "fd_thres": 0.2,
      "testing": false
    },
    "software": "mriqc",
    "version": "23.1.0"
  },
  "size_t": 178,
  "size_x": 64,
  "size_y": 64,
  "size_z": 50,
  "snr": 4.160379761819211,
  "spacing_tr": 3.0,
  "spacing_x": 3.0,
  "spacing_y": 3.0,
  "spacing_z": 3.0,
  "summary_bg_k": 21.613382786491982,
  "summary_bg_mad": 19.094750260305293,
  "summary_bg_mean": 79.68995281146604,
  "summary_bg_median": 40.34550666809082,
  "summary_bg_n": 155744.0,
  "summary_bg_p05": 26.117977142333984,
  "summary_bg_p95": 297.994384765625,
  "summary_bg_stdv": 101.98970772757052,
  "summary_fg_k": 1.7720767622430786,
  "summary_fg_mad": 163.05289815441995,
  "summary_fg_mean": 866.0352899435682,
  "summary_fg_median": 856.9298095703125,
  "summary_fg_n": 49056.0,
  "summary_fg_p05": 531.94384765625,
  "summary_fg_p95": 1223.2415771484375,
  "summary_fg_stdv": 205.97184016473216,
  "tsnr": 56.298312233993784
}