{
  "aor": 0.0005956807511737089,
  "aqi": 0.007518352159624413,
  "bids_meta": {
    "dataset": "ds001246",
    "modality": "bold",
    "run_id": 2,
    "session_id": "imageryTest01",
    "subject_id": "04",
    "task_id": "imagery"
  },
  "dummy_trs": 0,
  "dvars_nstd": 24.936772346650933,
  "dvars_std": 1.0852226384433967,
  "dvars_vstd": 0.9927370889622646,
  "efc": 0.5716778808089497,
  "fber": 527.5724487304688,
  "fd_mean": 0.07668179295668509,
  "fd_num": 8,
  "fd_perc": 3.755868544600939,
  "fwhm_avg": 1.9407944444444443,
  "fwhm_x": 1.8251799999999998,
  "fwhm_y": 2.04683,
  "fwhm_z": 1.9503733333333333,
  "gcor": 0.0940957,
  "gsr_x": -0.0011642077006399632,
  "gsr_y": 0.032359201461076736,
  "provenance": {
    "md5sum": "c991ec2bb7e5f726bdcf643fd161ccb1",
    "settings": {
      "fd_thres": 0.2,
      "testing": false
    },
    "software": "mriqc",
    "version": "23.1.0"
  },
  "size_t": 213,
  "size_x": 64,
  "size_y": 64,
  "size_z": 50,
  "snr": 4.389721134383907,
  "spacing_tr": 3.0,
  "spacing_x": 3.0,
  "spacing_y": 3.0,
  "spacing_z": 3.0,
  "summary_bg_k": 24.49231888657891,
  "summary_bg_mad": 15.821384861838878,
  "summary_bg_mean": 70.56941620490855,
  "summary_bg_median": 35.2253532409668,
  "summary_bg_n": 154021.0,
  "summary_bg_p05": 22.79812240600586,
  "summary_bg_p95": 256.3568115234375,
  "summary_bg_stdv": 90.16786166777598,
  "summary_fg_k": 1.2220168899449186,
  "summary_fg_mad": 151.34369783905984,
  "summary_fg_mean": 810.6986584332191,
  "summary_fg_median": 809.0892333984375,
  "summary_fg_n": 50779.0,
  "summary_fg_p05": 488.4460144042969,
  "summary_fg_p95": 1106.32861328125,
  "summary_fg_stdv": 184.31267996770174,
  "tsnr": 57.212728353682905
}