{
  "aor": 0.00046581920903954806,
  "aqi": 0.00480032395480226,
  "bids_meta": {
    "dataset": "ds001246",
    "modality": "bold",
    "run_id": 2,
    "session_id": "perceptionTraining01",
    "subject_id": "03",
    "task_id": "perception"
  },
  "dummy_trs": 1,
  "dvars_nstd": 23.671781323352267,
  "dvars_std": 1.1112994320454552,
  "dvars_vstd": 0.994085718409091,
  "efc": 0.5729711103975497,
  "fber": 513.9151611328125,
  "fd_mean": 0.04278445007055173,
  "fd_num": 1,
  "fd_perc": 0.5649717514124294,
  "fwhm_avg": 1.9195965617131387,
  "fwhm_x": 1.7969266666666668,
  "fwhm_y": 2.023843172492729,
  "fwhm_z": 1.9380198459800206,
  "gcor": 0.0609463,
  "gsr_x": -0.007373602129518986,
  "gsr_y": 0.04543476551771164,
  "provenance": {
    "md5sum": "d31a10f963c47ff1c6e9496e26991c31",
    "settings": {
      "fd_thres": 0.2,
      "testing": false
    },
    "software": "mriqc",
    "version": "23.1.0"
  },
  "size_t": 177,
  "size_x": 64,
  "size_y": 64,
  "size_z": 50,
  "snr": 4.0124717468367965,
  "spacing_tr": 3.0,
  "spacing_x": 3.0,
  "spacing_y": 3.000000238418579,
  "spacing_z": 3.000000238418579,
  "summary_bg_k": 27.86454154252459,
  "summary_bg_mad": 16.61016822102097,
  "summary_bg_mean": 74.4083543474618,
  "summary_bg_median": 36.056495666503906,
  "summary_bg_n": 153659.0,
  "summary_bg_p05": 23.548023223876953,
  "summary_bg_p95": 266.8757019042969,
  "summary_bg_stdv": 96.55558953897523,
  "summary_fg_k": 1.5156161657828182,
  "summary_fg_mad": 169.38522217452956,
  "summary_fg_mean": 833.0221638112514,
  "summary_fg_median": 817.3898315429688,
  "summary_fg_n": 51141.0,
  "summary_fg_p05": 510.61016845703125,
  "summary_fg_p95": 1183.6328125,
  "summary_fg_stdv": 203.71030415770883,
  "tsnr": 62.130961023271084
}