{
  "aor": 0.003642359550561797,
  "aqi": 0.010341902640449438,
  "bids_meta": {
    "dataset": "ds001246",
    "modality": "bold",
    "run_id": 2,
    "session_id": "perceptionTest03",
    "subject_id": "01",
    "task_id": "perception"
  },
  "dummy_trs": 0,
  "dvars_nstd": 28.922718565536712,
  "dvars_std": 1.1253538122598876,
  "dvars_vstd": 1.042738228474576,
  "efc": 0.5845853857876679,
  "fber": 477.98626708984375,
  "fd_mean": 0.2461535493744593,
  "fd_num": 82,
  "fd_perc": 46.06741573033708,
  "fwhm_avg": 1.8878522222222223,
  "fwhm_x": 1.7776666666666667,
  "fwhm_y": 1.9952933333333334,
  "fwhm_z": 1.8905966666666665,
  "gcor": 0.0175402,
  "gsr_x": 0.002880466403439641,
  "gsr_y": 0.03343135118484497,
  "provenance": {
    "md5sum": "10ecc6ac254ad15f2b244bc790d2fa26",
    "settings": {
      "fd_thres": 0.2,
      "testing": false
    },
    "software": "mriqc",
    "version": "23.1.0"
  },
  "size_t": 178,
  "size_x": 64,
  "size_y": 64,
  "size_z": 50,
  "snr": 4.222090888408805,
  "spacing_tr": 3.0,
  "spacing_x": 3.0,
  "spacing_y": 3.0,
  "spacing_z": 3.0,
  "summary_bg_k": 19.40245468187397,
  "summary_bg_mad": 17.02493589679244,
  "summary_bg_mean": 74.71934088858352,
  "summary_bg_median": 38.35393142700195,
  "summary_bg_n": 150373.0,
  "summary_bg_p05": 25.539325714111328,
  "summary_bg_p95": 264.0842590332031,
  "summary_bg_stdv": 89.63347058204027,
  "summary_fg_k": 1.532038762567125,
  "summary_fg_mad": 162.53651207288297,
  "summary_fg_mean": 847.786166463622,
  "summary_fg_median": 838.528076171875,
  "summary_fg_n": 54427.0,
  "summary_fg_p05": 522.6572875976562,
  "summary_fg_p95": 1185.1405029296875,
  "summary_fg_stdv": 198.60310804826878,
  "tsnr": 46.028667812934145
}