{
  "aor": 0.0008164606741573034,
  "aqi": 0.004972213370786517,
  "bids_meta": {
    "dataset": "ds001246",
    "modality": "bold",
    "run_id": 4,
    "session_id": "perceptionTest04",
    "subject_id": "05",
    "task_id": "perception"
  },
  "dummy_trs": 0,
  "dvars_nstd": 23.378742325480236,
  "dvars_std": 1.103825304576271,
  "dvars_vstd": 1.0144627136723163,
  "efc": 0.5612437320069481,
  "fber": 530.6533813476562,
  "fd_mean": 0.058553912734849424,
  "fd_num": 4,
  "fd_perc": 2.247191011235955,
  "fwhm_avg": 1.9058166666666667,
  "fwhm_x": 1.81883,
  "fwhm_y": 2.0069066666666666,
  "fwhm_z": 1.8917133333333334,
  "gcor": 0.0300785,
  "gsr_x": 0.0023984441068023443,
  "gsr_y": 0.0314594991505146,
  "provenance": {
    "md5sum": "11662da35c0c960df681a1b95c68cb09",
    "settings": {
      "fd_thres": 0.2,
      "testing": false
    },
    "software": "mriqc",
    "version": "23.1.0"
  },
  "size_t": 178,
  "size_x": 64,
  "size_y": 64,
  "size_z": 50,
  "snr": 4.084116662951201,
  "spacing_tr": 3.0,
  "spacing_x": 3.0,
  "spacing_y": 3.0,
  "spacing_z": 3.0,
  "summary_bg_k": 14.646504730766424,
  "summary_bg_mad": 16.058748038216983,
  "summary_bg_mean": 66.81461332024261,
  "summary_bg_median": 35.82022476196289,
  "summary_bg_n": 154710.0,
  "summary_bg_p05": 24.044944763183594,
  "summary_bg_p95": 232.56741333007812,
  "summary_bg_stdv": 77.93974132514892,
  "summary_fg_k": 1.391036643270188,
  "summary_fg_mad": 161.49953208490905,
  "summary_fg_mean": 836.8355279475064,
  "summary_fg_median": 825.1516723632812,
  "summary_fg_n": 50090.0,
  "summary_fg_p05": 507.7303466796875,
  "summary_fg_p95": 1192.6573486328125,
  "summary_fg_stdv": 202.03718544984915,
  "tsnr": 65.57433115085587
}