{
  "bids_meta": {
    "dataset": "ds001246",
    "modality": "T1w",
    "session_id": "anatomy",
    "subject_id": "05"
  },
  "cjv": 0.7045520488951472,
  "cnr": 1.3479131405901974,
  "efc": 0.5398158535811256,
  "fber": 15901.031135254765,
  "fwhm_avg": 3.9908966666666665,
  "fwhm_x": 4.20732,
  "fwhm_y": 4.0491,
  "fwhm_z": 3.71627,
  "icvs_csf": 0.2717852059437816,
  "icvs_gm": 0.37230260422162365,
  "icvs_wm": 0.3559121898345947,
  "inu_med": 0.5939480066299438,
  "inu_range": 0.2717591166496277,
  "provenance": {
    "md5sum": "b420314e0c697ee5f74f62488e7d0f54",
    "settings": {
      "testing": false
    },
    "software": "mriqc",
    "version": "23.1.0",
    "warnings": {
      "large_rot_frame": true,
      "small_air_mask": false
    }
  },
  "qi_1": 0.0,
  "qi_2": 0.0031221696006126917,
  "rpve_csf": 8.721553134524248,
  "rpve_gm": 8.589553356737436,
  "rpve_wm": 8.664817804716568,
  "size_x": 208,
  "size_y": 256,
  "size_z": 256,
  "snr_csf": 2.153515608472978,
  "snr_gm": 5.8796295900093645,
  "snr_total": 6.003559419248538,
  "snr_wm": 9.977533059263273,
  "snrd_csf": 31.8958028974179,
  "snrd_gm": 59.19389125794234,
  "snrd_total": 55.78129353196459,
  "snrd_wm": 76.25418644053354,
  "spacing_x": 1.0,
  "spacing_y": 1.0,
  "spacing_z": 1.0,
  "summary_bg_k": 9.48900036953706,
  "summary_bg_mad": 0.0,
  "summary_bg_mean": 4.320840686614983,
  "summary_bg_median": 0.0,
  "summary_bg_n": 4925508.0,
  "summary_bg_p05": 0.0,
  "summary_bg_p95": 20.593620277941227,
  "summary_bg_stdv": 7.950883662603183,
  "summary_csf_k": -0.4362284594092114,
  "summary_csf_mad": 147.76589927279142,
  "summary_csf_mean": 406.11629604424377,
  "summary_csf_median": 387.09468465298414,
  "summary_csf_n": 420828.13640876027,
  "summary_csf_p05": 127.2554980032146,
  "summary_csf_p95": 716.1022848077118,
  "summary_csf_stdv": 179.74990439332666,
  "summary_gm_k": 0.35216765277968953,
  "summary_gm_mad": 74.24642757819495,
  "summary_gm_mean": 725.2042761103572,
  "summary_gm_median": 718.3904648385942,
  "summary_gm_n": 576467.7682534428,
  "summary_gm_p05": 526.5429133921862,
  "summary_gm_p95": 948.3198696561158,
  "summary_gm_stdv": 122.18284004866386,
  "summary_wm_k": -0.4005697269198194,
  "summary_wm_mad": 71.62938639724031,
  "summary_wm_mean": 907.2174189970297,
  "summary_wm_median": 925.4380693472922,
  "summary_wm_n": 551089.0964544801,
  "summary_wm_p05": 731.2696495838463,
  "summary_wm_p95": 1032.8844659402966,
  "summary_wm_stdv": 92.75210858289576,
  "tpm_overlap_csf": 0.199175507386418,
  "tpm_overlap_gm": 0.5290436813571124,
  "tpm_overlap_wm": 0.5565029216648704,
  "wm2max": 0.5593290659080132
}