{
  "aor": 0.0005539887640449438,
  "aqi": 0.005534576292134831,
  "bids_meta": {
    "dataset": "ds001246",
    "modality": "bold",
    "run_id": 4,
    "session_id": "perceptionTraining03",
    "subject_id": "05",
    "task_id": "perception"
  },
  "dummy_trs": 0,
  "dvars_nstd": 23.46123086525423,
  "dvars_std": 1.0976717746892652,
  "dvars_vstd": 1.0024979154237295,
  "efc": 0.5616115373181924,
  "fber": 520.1481323242188,
  "fd_mean": 0.05655971390347242,
  "fd_num": 1,
  "fd_perc": 0.5617977528089888,
  "fwhm_avg": 1.8605999999999998,
  "fwhm_x": 1.7844,
  "fwhm_y": 1.9417866666666665,
  "fwhm_z": 1.8556133333333333,
  "gcor": 0.0429244,
  "gsr_x": 0.0011186138726770878,
  "gsr_y": 0.035664234310388565,
  "provenance": {
    "md5sum": "52eca9965b586cd51ed9a74a946b15d6",
    "settings": {
      "fd_thres": 0.2,
      "testing": false
    },
    "software": "mriqc",
    "version": "23.1.0"
  },
  "size_t": 178,
  "size_x": 64,
  "size_y": 64,
  "size_z": 50,
  "snr": 4.049418216151371,
  "spacing_tr": 3.0,
  "spacing_x": 3.0,
  "spacing_y": 3.0,
  "spacing_z": 3.0,
  "summary_bg_k": 20.30748991982548,
  "summary_bg_mad": 15.43405288309641,
  "summary_bg_mean": 65.24256067314039,
  "summary_bg_median": 34.59550476074219,
  "summary_bg_n": 154974.0,
  "summary_bg_p05": 23.14044952392578,
  "summary_bg_p95": 225.68539428710938,
  "summary_bg_stdv": 78.5093938495434,
  "summary_fg_k": 1.2177716303747363,
  "summary_fg_mad": 159.49638120539552,
  "summary_fg_mean": 802.0357920792692,
  "summary_fg_median": 789.01123046875,
  "summary_fg_n": 49826.0,
  "summary_fg_p05": 486.39324951171875,
  "summary_fg_p95": 1146.37646484375,
  "summary_fg_stdv": 194.84362213224847,
  "tsnr": 63.65965344943106
}