{
  "aor": 0.0006311235955056179,
  "aqi": 0.009730783033707866,
  "bids_meta": {
    "dataset": "ds001246",
    "modality": "bold",
    "run_id": 6,
    "session_id": "perceptionTraining01",
    "subject_id": "05",
    "task_id": "perception"
  },
  "dummy_trs": 0,
  "dvars_nstd": 23.65083351819209,
  "dvars_std": 1.0372289579661016,
  "dvars_vstd": 0.9574149351412432,
  "efc": 0.5606430156806679,
  "fber": 536.9271850585938,
  "fd_mean": 0.10121975524045819,
  "fd_num": 13,
  "fd_perc": 7.303370786516854,
  "fwhm_avg": 1.9284444444444446,
  "fwhm_x": 1.8165533333333332,
  "fwhm_y": 2.0068033333333335,
  "fwhm_z": 1.9619766666666667,
  "gcor": 0.0223782,
  "gsr_x": -6.86326966388151e-05,
  "gsr_y": 0.03485829755663872,
  "provenance": {
    "md5sum": "ffe10c88910423b92e231dc3c4f461fc",
    "settings": {
      "fd_thres": 0.2,
      "testing": false
    },
    "software": "mriqc",
    "version": "23.1.0"
  },
  "size_t": 178,
  "size_x": 64,
  "size_y": 64,
  "size_z": 50,
  "snr": 4.156437723452107,
  "spacing_tr": 3.0,
  "spacing_x": 3.0,
  "spacing_y": 3.0,
  "spacing_z": 3.0,
  "summary_bg_k": 20.653733678564038,
  "summary_bg_mad": 16.80004914746978,
  "summary_bg_mean": 67.04338460851065,
  "summary_bg_median": 35.60112380981445,
  "summary_bg_n": 154771.0,
  "summary_bg_p05": 21.539325714111328,
  "summary_bg_p95": 234.80337524414062,
  "summary_bg_stdv": 81.94425574680916,
  "summary_fg_k": 1.1965353560552439,
  "summary_fg_mad": 162.14504862090206,
  "summary_fg_mean": 839.9259404518676,
  "summary_fg_median": 824.938232421875,
  "summary_fg_n": 50029.0,
  "summary_fg_p05": 517.1910400390625,
  "summary_fg_p95": 1190.2471923828125,
  "summary_fg_stdv": 198.47043133250133,
  "tsnr": 50.97011382225901
}