{
  "aor": 0.0004391011235955056,
  "aqi": 0.009091535898876405,
  "bids_meta": {
    "dataset": "ds001246",
    "modality": "bold",
    "run_id": 2,
    "session_id": "perceptionTraining01",
    "subject_id": "05",
    "task_id": "perception"
  },
  "dummy_trs": 0,
  "dvars_nstd": 23.113895513333343,
  "dvars_std": 1.0309408081355942,
  "dvars_vstd": 0.9468619353672321,
  "efc": 0.5568076152972723,
  "fber": 577.1157836914062,
  "fd_mean": 0.07405974653255967,
  "fd_num": 7,
  "fd_perc": 3.932584269662921,
  "fwhm_avg": 1.9026033333333334,
  "fwhm_x": 1.7970233333333334,
  "fwhm_y": 1.98262,
  "fwhm_z": 1.9281666666666668,
  "gcor": 0.0337734,
  "gsr_x": -0.00019368657376617193,
  "gsr_y": 0.0364365428686142,
  "provenance": {
    "md5sum": "38401654d05c8c3570c813241715524f",
    "settings": {
      "fd_thres": 0.2,
      "testing": false
    },
    "software": "mriqc",
    "version": "23.1.0"
  },
  "size_t": 178,
  "size_x": 64,
  "size_y": 64,
  "size_z": 50,
  "snr": 4.180421574048207,
  "spacing_tr": 3.0,
  "spacing_x": 3.0,
  "spacing_y": 3.0,
  "spacing_z": 3.0,
  "summary_bg_k": 22.035741890774336,
  "summary_bg_mad": 15.442389353395471,
  "summary_bg_mean": 64.49510823341383,
  "summary_bg_median": 34.09550476074219,
  "summary_bg_n": 154930.0,
  "summary_bg_p05": 20.589887619018555,
  "summary_bg_p95": 226.78089904785156,
  "summary_bg_stdv": 80.48774248436754,
  "summary_fg_k": 1.1829684549602506,
  "summary_fg_mad": 159.64627931177705,
  "summary_fg_mean": 832.3600391802148,
  "summary_fg_median": 819.0842895507812,
  "summary_fg_n": 49870.0,
  "summary_fg_p05": 510.3146057128906,
  "summary_fg_p95": 1178.5224609375,
  "summary_fg_stdv": 195.93145399492334,
  "tsnr": 52.19131659111008
}