{
  "aor": 0.000958075117370892,
  "aqi": 0.0073219700000000006,
  "bids_meta": {
    "dataset": "ds001246",
    "modality": "bold",
    "run_id": 6,
    "session_id": "imageryTest02",
    "subject_id": "03",
    "task_id": "imagery"
  },
  "dummy_trs": 0,
  "dvars_nstd": 23.5915057073585,
  "dvars_std": 1.0928146940566044,
  "dvars_vstd": 0.995914024622642,
  "efc": 0.5741459876654411,
  "fber": 473.7996520996094,
  "fd_mean": 0.0823718000514176,
  "fd_num": 4,
  "fd_perc": 1.8779342723004695,
  "fwhm_avg": 1.9457155555555559,
  "fwhm_x": 1.8223833333333335,
  "fwhm_y": 2.045166666666667,
  "fwhm_z": 1.9695966666666667,
  "gcor": 0.0187605,
  "gsr_x": -0.00811541173607111,
  "gsr_y": 0.04422508180141449,
  "provenance": {
    "md5sum": "af3fff93498fd7e0efcb54ee447b347a",
    "settings": {
      "fd_thres": 0.2,
      "testing": false
    },
    "software": "mriqc",
    "version": "23.1.0"
  },
  "size_t": 213,
  "size_x": 64,
  "size_y": 64,
  "size_z": 50,
  "snr": 3.976311638244645,
  "spacing_tr": 3.0,
  "spacing_x": 3.0,
  "spacing_y": 3.0,
  "spacing_z": 3.0,
  "summary_bg_k": 24.0761484350849,
  "summary_bg_mad": 18.75178708040688,
  "summary_bg_mean": 77.31955553323189,
  "summary_bg_median": 38.24413299560547,
  "summary_bg_n": 154106.0,
  "summary_bg_p05": 23.79812240600586,
  "summary_bg_p95": 272.896728515625,
  "summary_bg_stdv": 98.10050122084053,
  "summary_fg_k": 1.4483761305769915,
  "summary_fg_mad": 174.77997041424754,
  "summary_fg_mean": 848.641383333169,
  "summary_fg_median": 832.4577331542969,
  "summary_fg_n": 50694.0,
  "summary_fg_p05": 519.1925048828125,
  "summary_fg_p95": 1214.492919921875,
  "summary_fg_stdv": 209.3521831873529,
  "tsnr": 59.72684751742054
}