{
  "aor": 0.000491132075471698,
  "aqi": 0.006418413443396226,
  "bids_meta": {
    "dataset": "ds001246",
    "modality": "bold",
    "run_id": 7,
    "session_id": "imageryTest02",
    "subject_id": "03",
    "task_id": "imagery"
  },
  "dummy_trs": 1,
  "dvars_nstd": 23.391512821327012,
  "dvars_std": 1.0920263545971558,
  "dvars_vstd": 0.9954887707582941,
  "efc": 0.5747463069843093,
  "fber": 473.66802978515625,
  "fd_mean": 0.07522417918963052,
  "fd_num": 3,
  "fd_perc": 1.4150943396226414,
  "fwhm_avg": 1.9326277777777776,
  "fwhm_x": 1.7995933333333334,
  "fwhm_y": 2.04666,
  "fwhm_z": 1.95163,
  "gcor": 0.0160989,
  "gsr_x": -0.008275083266198635,
  "gsr_y": 0.044278617948293686,
  "provenance": {
    "md5sum": "c878840f83c817641d57a4fb374b72d1",
    "settings": {
      "fd_thres": 0.2,
      "testing": false
    },
    "software": "mriqc",
    "version": "23.1.0"
  },
  "size_t": 212,
  "size_x": 64,
  "size_y": 64,
  "size_z": 50,
  "snr": 3.9658738130442797,
  "spacing_tr": 3.0,
  "spacing_x": 3.0,
  "spacing_y": 3.0,
  "spacing_z": 3.0,
  "summary_bg_k": 24.65916802539511,
  "summary_bg_mad": 18.427626204110393,
  "summary_bg_mean": 77.91084411885977,
  "summary_bg_median": 38.30188751220703,
  "summary_bg_n": 154053.0,
  "summary_bg_p05": 24.702831268310547,
  "summary_bg_p95": 275.90093994140625,
  "summary_bg_stdv": 99.22115007243947,
  "summary_fg_k": 1.5071058031661906,
  "summary_fg_mad": 175.10089624236826,
  "summary_fg_mean": 850.3368692180263,
  "summary_fg_median": 833.5990600585938,
  "summary_fg_n": 50747.0,
  "summary_fg_p05": 520.353759765625,
  "summary_fg_p95": 1216.306640625,
  "summary_fg_stdv": 210.19096573174014,
  "tsnr": 64.52368210069835
}