{
  "aor": 0.0015485915492957744,
  "aqi": 0.007106656103286383,
  "bids_meta": {
    "dataset": "ds001246",
    "modality": "bold",
    "run_id": 7,
    "session_id": "imageryTest02",
    "subject_id": "02",
    "task_id": "imagery"
  },
  "dummy_trs": 0,
  "dvars_nstd": 27.792376500330192,
  "dvars_std": 1.1752382797641514,
  "dvars_vstd": 1.0181675783490567,
  "efc": 0.5653867690227037,
  "fber": 509.9593811035156,
  "fd_mean": 0.1084783253463136,
  "fd_num": 22,
  "fd_perc": 10.328638497652582,
  "fwhm_avg": 1.8857799999999998,
  "fwhm_x": 1.8007166666666665,
  "fwhm_y": 1.9568899999999998,
  "fwhm_z": 1.8997333333333335,
  "gcor": 0.0695362,
  "gsr_x": 0.02023138664662838,
  "gsr_y": 0.028270676732063293,
  "provenance": {
    "md5sum": "d6c43b0097f633154e1169b5f0561999",
    "settings": {
      "fd_thres": 0.2,
      "testing": false
    },
    "software": "mriqc",
    "version": "23.1.0"
  },
  "size_t": 213,
  "size_x": 64,
  "size_y": 64,
  "size_z": 50,
  "snr": 4.100956613996068,
  "spacing_tr": 3.0,
  "spacing_x": 3.0,
  "spacing_y": 3.0,
  "spacing_z": 3.0,
  "summary_bg_k": 26.25424678905731,
  "summary_bg_mad": 17.57544834317648,
  "summary_bg_mean": 76.3256191086985,
  "summary_bg_median": 38.20187759399414,
  "summary_bg_n": 155361.0,
  "summary_bg_p05": 25.455398559570312,
  "summary_bg_p95": 286.99530029296875,
  "summary_bg_stdv": 100.60798480442067,
  "summary_fg_k": 1.7032026900410546,
  "summary_fg_mad": 166.6152970092185,
  "summary_fg_mean": 877.8555002079617,
  "summary_fg_median": 862.6854858398438,
  "summary_fg_n": 49439.0,
  "summary_fg_p05": 546.9483642578125,
  "summary_fg_p95": 1250.5352783203125,
  "summary_fg_stdv": 210.35988483882002,
  "tsnr": 58.884829697199166
}