{
  "aor": 0.0013617840375586853,
  "aqi": 0.005919528544600939,
  "bids_meta": {
    "dataset": "ds001246",
    "modality": "bold",
    "run_id": 2,
    "session_id": "imageryTest02",
    "subject_id": "02",
    "task_id": "imagery"
  },
  "dummy_trs": 0,
  "dvars_nstd": 26.998780286839615,
  "dvars_std": 1.196582189150943,
  "dvars_vstd": 1.0181812375,
  "efc": 0.563005033334288,
  "fber": 533.5193481445312,
  "fd_mean": 0.07558911598157285,
  "fd_num": 7,
  "fd_perc": 3.2863849765258215,
  "fwhm_avg": 1.9046444444444444,
  "fwhm_x": 1.81698,
  "fwhm_y": 1.9656799999999999,
  "fwhm_z": 1.9312733333333334,
  "gcor": 0.0712353,
  "gsr_x": 0.017196746543049812,
  "gsr_y": 0.027856625616550446,
  "provenance": {
    "md5sum": "1401f7355e1ca2214bd021076f6b040b",
    "settings": {
      "fd_thres": 0.2,
      "testing": false
    },
    "software": "mriqc",
    "version": "23.1.0"
  },
  "size_t": 213,
  "size_x": 64,
  "size_y": 64,
  "size_z": 50,
  "snr": 4.091038000792365,
  "spacing_tr": 3.0,
  "spacing_x": 3.0,
  "spacing_y": 3.0,
  "spacing_z": 3.0,
  "summary_bg_k": 27.263929104350044,
  "summary_bg_mad": 17.07428452066928,
  "summary_bg_mean": 75.90880864501335,
  "summary_bg_median": 37.80751037597656,
  "summary_bg_n": 155404.0,
  "summary_bg_p05": 25.253520965576172,
  "summary_bg_p95": 288.77935791015625,
  "summary_bg_stdv": 100.94622907966406,
  "summary_fg_k": 1.7046496834079274,
  "summary_fg_mad": 169.28808023839883,
  "summary_fg_mean": 889.741314860276,
  "summary_fg_median": 873.2793273925781,
  "summary_fg_n": 49396.0,
  "summary_fg_p05": 555.3380126953125,
  "summary_fg_p95": 1272.54931640625,
  "summary_fg_stdv": 213.45939284928608,
  "tsnr": 63.4957592911087
}