{
  "aor": 0.004436150234741784,
  "aqi": 0.009554399483568076,
  "bids_meta": {
    "dataset": "ds001246",
    "modality": "bold",
    "run_id": 8,
    "session_id": "imageryTest02",
    "subject_id": "02",
    "task_id": "imagery"
  },
  "dummy_trs": 0,
  "dvars_nstd": 27.031312978490572,
  "dvars_std": 1.1847001093396226,
  "dvars_vstd": 1.048769690613208,
  "efc": 0.5658799404522683,
  "fber": 505.52691650390625,
  "fd_mean": 0.12545382168327726,
  "fd_num": 33,
  "fd_perc": 15.492957746478874,
  "fwhm_avg": 1.882662222222222,
  "fwhm_x": 1.80095,
  "fwhm_y": 1.9628766666666666,
  "fwhm_z": 1.8841599999999998,
  "gcor": 0.0416383,
  "gsr_x": 0.021850235760211945,
  "gsr_y": 0.028249504044651985,
  "provenance": {
    "md5sum": "034b57b711d99d102d8e48baa6bce354",
    "settings": {
      "fd_thres": 0.2,
      "testing": false
    },
    "software": "mriqc",
    "version": "23.1.0"
  },
  "size_t": 213,
  "size_x": 64,
  "size_y": 64,
  "size_z": 50,
  "snr": 4.128062559652983,
  "spacing_tr": 3.0,
  "spacing_x": 3.0,
  "spacing_y": 3.0,
  "spacing_z": 3.0,
  "summary_bg_k": 25.916939286132404,
  "summary_bg_mad": 18.215823867295796,
  "summary_bg_mean": 76.45617594348589,
  "summary_bg_median": 38.26291275024414,
  "summary_bg_n": 155359.0,
  "summary_bg_p05": 23.64788818359375,
  "summary_bg_p95": 286.3145446777344,
  "summary_bg_stdv": 101.1289700780338,
  "summary_fg_k": 1.7234419161790058,
  "summary_fg_mad": 166.53874174329712,
  "summary_fg_mean": 875.5872030559282,
  "summary_fg_median": 860.3004760742188,
  "summary_fg_n": 49441.0,
  "summary_fg_p05": 545.920166015625,
  "summary_fg_p95": 1243.7794189453125,
  "summary_fg_stdv": 208.40085713931657,
  "tsnr": 51.773390686139464
}