{
  "aor": 0.0011770786516853934,
  "aqi": 0.006029400786516854,
  "bids_meta": {
    "dataset": "ds001246",
    "modality": "bold",
    "run_id": 2,
    "session_id": "perceptionTraining03",
    "subject_id": "02",
    "task_id": "perception"
  },
  "dummy_trs": 0,
  "dvars_nstd": 28.402759099322036,
  "dvars_std": 1.1824198789265539,
  "dvars_vstd": 1.023717392824859,
  "efc": 0.5670403490055894,
  "fber": 464.6580505371094,
  "fd_mean": 0.10719057781915955,
  "fd_num": 16,
  "fd_perc": 8.98876404494382,
  "fwhm_avg": 1.9087344444444445,
  "fwhm_x": 1.81831,
  "fwhm_y": 1.9986066666666666,
  "fwhm_z": 1.9092866666666666,
  "gcor": 0.0811574,
  "gsr_x": 0.013531803153455257,
  "gsr_y": 0.02197706326842308,
  "provenance": {
    "md5sum": "c739fb593bc75004ea51fc8c60be4a53",
    "settings": {
      "fd_thres": 0.2,
      "testing": false
    },
    "software": "mriqc",
    "version": "23.1.0"
  },
  "size_t": 178,
  "size_x": 64,
  "size_y": 64,
  "size_z": 50,
  "snr": 4.010580210550941,
  "spacing_tr": 3.0,
  "spacing_x": 3.0,
  "spacing_y": 3.0,
  "spacing_z": 3.0,
  "summary_bg_k": 22.652674683819715,
  "summary_bg_mad": 18.68245411609467,
  "summary_bg_mean": 77.75006361934257,
  "summary_bg_median": 40.17977523803711,
  "summary_bg_n": 155553.0,
  "summary_bg_p05": 26.432584762573242,
  "summary_bg_p95": 291.4157409667969,
  "summary_bg_stdv": 98.16495762298312,
  "summary_fg_k": 1.733395706231943,
  "summary_fg_mad": 170.3659620942173,
  "summary_fg_mean": 880.8195853359114,
  "summary_fg_median": 866.1123657226562,
  "summary_fg_n": 49247.0,
  "summary_fg_p05": 537.3034057617188,
  "summary_fg_p95": 1262.072998046875,
  "summary_fg_stdv": 215.95468153084215,
  "tsnr": 58.16381129808724
}