{
  "aor": 0.0006317415730337078,
  "aqi": 0.005256351179775281,
  "bids_meta": {
    "dataset": "ds001246",
    "modality": "bold",
    "run_id": 3,
    "session_id": "perceptionTest01",
    "subject_id": "03",
    "task_id": "perception"
  },
  "dummy_trs": 0,
  "dvars_nstd": 24.763226945310738,
  "dvars_std": 1.1188881906779662,
  "dvars_vstd": 1.0028671797740112,
  "efc": 0.5735507412190596,
  "fber": 491.1536560058594,
  "fd_mean": 0.059999811720970256,
  "fd_num": 2,
  "fd_perc": 1.1235955056179776,
  "fwhm_avg": 1.905722222222222,
  "fwhm_x": 1.7787766666666667,
  "fwhm_y": 1.9980900000000001,
  "fwhm_z": 1.9403,
  "gcor": 0.0204741,
  "gsr_x": -0.0053763785399496555,
  "gsr_y": 0.04539278894662857,
  "provenance": {
    "md5sum": "115770b5fcd2d43f52b3e917e2f6bb70",
    "settings": {
      "fd_thres": 0.2,
      "testing": false
    },
    "software": "mriqc",
    "version": "23.1.0"
  },
  "size_t": 178,
  "size_x": 64,
  "size_y": 64,
  "size_z": 50,
  "snr": 3.9978357900222594,
  "spacing_tr": 3.0,
  "spacing_x": 3.0,
  "spacing_y": 3.0,
  "spacing_z": 3.0,
  "summary_bg_k": 27.291973290830214,
  "summary_bg_mad": 16.466878775117387,
  "summary_bg_mean": 73.93204075661639,
  "summary_bg_median": 36.0,
  "summary_bg_n": 154096.0,
  "summary_bg_p05": 23.584270477294922,
  "summary_bg_p95": 265.2471923828125,
  "summary_bg_stdv": 95.86082638150657,
  "summary_fg_k": 1.5008918731590803,
  "summary_fg_mad": 165.77241991178988,
  "summary_fg_mean": 812.932343025996,
  "summary_fg_median": 797.8314819335938,
  "summary_fg_n": 50704.0,
  "summary_fg_p05": 497.3314514160156,
  "summary_fg_p95": 1157.8201904296875,
  "summary_fg_stdv": 199.56387812279343,
  "tsnr": 60.09361290256493
}