{
  "aor": 0.000560561797752809,
  "aqi": 0.00410035606741573,
  "bids_meta": {
    "dataset": "ds001246",
    "modality": "bold",
    "run_id": 4,
    "session_id": "perceptionTest01",
    "subject_id": "03",
    "task_id": "perception"
  },
  "dummy_trs": 0,
  "dvars_nstd": 24.750358581581924,
  "dvars_std": 1.1324629061581921,
  "dvars_vstd": 1.012450223333333,
  "efc": 0.5741043901110512,
  "fber": 491.0618591308594,
  "fd_mean": 0.06001617717222332,
  "fd_num": 2,
  "fd_perc": 1.1235955056179776,
  "fwhm_avg": 1.8892422222222223,
  "fwhm_x": 1.7615266666666667,
  "fwhm_y": 1.9982866666666668,
  "fwhm_z": 1.9079133333333333,
  "gcor": 0.0159544,
  "gsr_x": -0.005623186938464642,
  "gsr_y": 0.04542315751314163,
  "provenance": {
    "md5sum": "8a06e870c3f60e51859879b2f0a06ac7",
    "settings": {
      "fd_thres": 0.2,
      "testing": false
    },
    "software": "mriqc",
    "version": "23.1.0"
  },
  "size_t": 178,
  "size_x": 64,
  "size_y": 64,
  "size_z": 50,
  "snr": 3.9909281769357854,
  "spacing_tr": 3.0,
  "spacing_x": 3.0,
  "spacing_y": 3.0,
  "spacing_z": 3.0,
  "summary_bg_k": 27.63875825500927,
  "summary_bg_mad": 16.28363761537895,
  "summary_bg_mean": 74.36894609479323,
  "summary_bg_median": 36.061798095703125,
  "summary_bg_n": 154042.0,
  "summary_bg_p05": 24.162921905517578,
  "summary_bg_p95": 266.3146057128906,
  "summary_bg_stdv": 96.47189978131816,
  "summary_fg_k": 1.533821904064534,
  "summary_fg_mad": 166.413773868312,
  "summary_fg_mean": 814.0237270030218,
  "summary_fg_median": 799.1264038085938,
  "summary_fg_n": 50758.0,
  "summary_fg_p05": 497.2247314453125,
  "summary_fg_p95": 1159.971923828125,
  "summary_fg_stdv": 200.23375425857333,
  "tsnr": 65.44108302798122
}