{
  "aor": 0.0012554494382022471,
  "aqi": 0.011436972696629214,
  "bids_meta": {
    "dataset": "ds001246",
    "modality": "bold",
    "run_id": 4,
    "session_id": "perceptionTest01",
    "subject_id": "02",
    "task_id": "perception"
  },
  "dummy_trs": 0,
  "dvars_nstd": 32.989094642485895,
  "dvars_std": 1.1695807087005656,
  "dvars_vstd": 0.9926703841242944,
  "efc": 0.5693757671626059,
  "fber": 453.44189453125,
  "fd_mean": 0.2025150353635214,
  "fd_num": 65,
  "fd_perc": 36.51685393258427,
  "fwhm_avg": 1.9093554519674598,
  "fwhm_x": 1.8177466666666666,
  "fwhm_y": 2.005809840592556,
  "fwhm_z": 1.9045098486431562,
  "gcor": 0.0391936,
  "gsr_x": 0.019998978823423386,
  "gsr_y": 0.02434244193136692,
  "provenance": {
    "md5sum": "3d3d31510f07b2fadc8709c14df429a6",
    "settings": {
      "fd_thres": 0.2,
      "testing": false
    },
    "software": "mriqc",
    "version": "23.1.0"
  },
  "size_t": 178,
  "size_x": 64,
  "size_y": 64,
  "size_z": 50,
  "snr": 4.084825533479194,
  "spacing_tr": 3.0,
  "spacing_x": 3.0,
  "spacing_y": 3.000000238418579,
  "spacing_z": 3.000000238418579,
  "summary_bg_k": 21.63339648129969,
  "summary_bg_mad": 19.132233270418613,
  "summary_bg_mean": 78.13210669154374,
  "summary_bg_median": 40.02809143066406,
  "summary_bg_n": 155657.0,
  "summary_bg_p05": 24.70786476135254,
  "summary_bg_p95": 294.10113525390625,
  "summary_bg_stdv": 100.04805547524562,
  "summary_fg_k": 1.7885756124206038,
  "summary_fg_mad": 165.82657869034065,
  "summary_fg_mean": 863.3838586000151,
  "summary_fg_median": 852.3651733398438,
  "summary_fg_n": 49143.0,
  "summary_fg_p05": 529.1123657226562,
  "summary_fg_p95": 1223.92138671875,
  "summary_fg_stdv": 208.6641140521062,
  "tsnr": 45.718798922142014
}