{
  "aor": 0.002862808988764045,
  "aqi": 0.007874036348314607,
  "bids_meta": {
    "dataset": "ds001246",
    "modality": "bold",
    "run_id": 2,
    "session_id": "perceptionTest01",
    "subject_id": "02",
    "task_id": "perception"
  },
  "dummy_trs": 0,
  "dvars_nstd": 31.235976698870044,
  "dvars_std": 1.2119256972316388,
  "dvars_vstd": 1.0262266309604515,
  "efc": 0.5698615718990814,
  "fber": 452.7933044433594,
  "fd_mean": 0.18522433462931173,
  "fd_num": 51,
  "fd_perc": 28.651685393258425,
  "fwhm_avg": 1.900793230406275,
  "fwhm_x": 1.8170133333333334,
  "fwhm_y": 1.9901998418331273,
  "fwhm_z": 1.895166516052364,
  "gcor": 0.0743022,
  "gsr_x": 0.01708519645035267,
  "gsr_y": 0.02441985346376896,
  "provenance": {
    "md5sum": "a0cbd2548adb941c38f86fa8b550f304",
    "settings": {
      "fd_thres": 0.2,
      "testing": false
    },
    "software": "mriqc",
    "version": "23.1.0"
  },
  "size_t": 178,
  "size_x": 64,
  "size_y": 64,
  "size_z": 50,
  "snr": 4.066431663895243,
  "spacing_tr": 3.0,
  "spacing_x": 3.0,
  "spacing_y": 3.000000238418579,
  "spacing_z": 3.000000238418579,
  "summary_bg_k": 21.73443912784195,
  "summary_bg_mad": 19.448742013530143,
  "summary_bg_mean": 78.95326276280764,
  "summary_bg_median": 40.28089904785156,
  "summary_bg_n": 155564.0,
  "summary_bg_p05": 25.19662857055664,
  "summary_bg_p95": 298.6629333496094,
  "summary_bg_stdv": 101.7260068143637,
  "summary_fg_k": 1.82517035035713,
  "summary_fg_mad": 167.81728707687049,
  "summary_fg_mean": 867.9203501530982,
  "summary_fg_median": 857.1348266601562,
  "summary_fg_n": 49236.0,
  "summary_fg_p05": 531.8483276367188,
  "summary_fg_p95": 1234.2921142578125,
  "summary_fg_stdv": 210.78089910508174,
  "tsnr": 51.91969001851976
}