{
  "aor": 0.0004417415730337079,
  "aqi": 0.005671906573033707,
  "bids_meta": {
    "dataset": "ds001246",
    "modality": "bold",
    "run_id": 1,
    "session_id": "perceptionTest04",
    "subject_id": "04",
    "task_id": "perception"
  },
  "dummy_trs": 0,
  "dvars_nstd": 22.74583248598869,
  "dvars_std": 1.0676649548022596,
  "dvars_vstd": 0.9982560000564968,
  "efc": 0.568720616708948,
  "fber": 530.833251953125,
  "fd_mean": 0.04424353922390031,
  "fd_num": 3,
  "fd_perc": 1.6853932584269662,
  "fwhm_avg": 1.9443244444444445,
  "fwhm_x": 1.8387833333333334,
  "fwhm_y": 2.0547633333333333,
  "fwhm_z": 1.9394266666666666,
  "gcor": 0.0640672,
  "gsr_x": -0.003780555911362171,
  "gsr_y": 0.03020128607749939,
  "provenance": {
    "md5sum": "a61513596dca71edc79072865085d666",
    "settings": {
      "fd_thres": 0.2,
      "testing": false
    },
    "software": "mriqc",
    "version": "23.1.0"
  },
  "size_t": 178,
  "size_x": 64,
  "size_y": 64,
  "size_z": 50,
  "snr": 4.317659751739004,
  "spacing_tr": 3.0,
  "spacing_x": 3.0,
  "spacing_y": 3.0,
  "spacing_z": 3.0,
  "summary_bg_k": 17.638868181796003,
  "summary_bg_mad": 15.59231008249149,
  "summary_bg_mean": 70.46974346526736,
  "summary_bg_median": 35.83707809448242,
  "summary_bg_n": 154547.0,
  "summary_bg_p05": 24.314607620239258,
  "summary_bg_p95": 258.84832763671875,
  "summary_bg_stdv": 85.85265768734278,
  "summary_fg_k": 1.45036879276845,
  "summary_fg_mad": 153.87409370307793,
  "summary_fg_mean": 826.0094592315869,
  "summary_fg_median": 825.6798095703125,
  "summary_fg_n": 50253.0,
  "summary_fg_p05": 495.1853942871094,
  "summary_fg_p95": 1133.3145751953125,
  "summary_fg_stdv": 191.23127846464834,
  "tsnr": 60.71052233688533
}