{
  "aor": 0.00121376404494382,
  "aqi": 0.007373427247191011,
  "bids_meta": {
    "dataset": "ds001246",
    "modality": "bold",
    "run_id": 4,
    "session_id": "perceptionTest01",
    "subject_id": "01",
    "task_id": "perception"
  },
  "dummy_trs": 0,
  "dvars_nstd": 27.48728679920903,
  "dvars_std": 1.1100708171186444,
  "dvars_vstd": 1.0117643090960453,
  "efc": 0.5862532580373854,
  "fber": 471.81573486328125,
  "fd_mean": 0.18031862776018487,
  "fd_num": 54,
  "fd_perc": 30.337078651685392,
  "fwhm_avg": 1.9113044444444443,
  "fwhm_x": 1.8014400000000002,
  "fwhm_y": 2.0093099999999997,
  "fwhm_z": 1.9231633333333333,
  "gcor": 0.0275162,
  "gsr_x": 0.0010630120523273945,
  "gsr_y": 0.033603422343730927,
  "provenance": {
    "md5sum": "2ec5acc0891c6a2fa841bb7075ef868b",
    "settings": {
      "fd_thres": 0.2,
      "testing": false
    },
    "software": "mriqc",
    "version": "23.1.0"
  },
  "size_t": 178,
  "size_x": 64,
  "size_y": 64,
  "size_z": 50,
  "snr": 4.201911024874627,
  "spacing_tr": 3.0,
  "spacing_x": 3.0,
  "spacing_y": 3.0,
  "spacing_z": 3.0,
  "summary_bg_k": 17.545491758699697,
  "summary_bg_mad": 17.458056249714826,
  "summary_bg_mean": 73.13550501314793,
  "summary_bg_median": 37.314605712890625,
  "summary_bg_n": 150201.0,
  "summary_bg_p05": 24.117977142333984,
  "summary_bg_p95": 254.12359619140625,
  "summary_bg_stdv": 87.1662064208596,
  "summary_fg_k": 1.2091165384214815,
  "summary_fg_mad": 162.7031057425771,
  "summary_fg_mean": 820.1331800942447,
  "summary_fg_median": 810.5224609375,
  "summary_fg_n": 54599.0,
  "summary_fg_p05": 504.1685485839844,
  "summary_fg_p95": 1145.438232421875,
  "summary_fg_stdv": 192.89200404353994,
  "tsnr": 52.29937418550253
}