{
  "aor": 0.00207075117370892,
  "aqi": 0.007436585915492957,
  "bids_meta": {
    "dataset": "ds001246",
    "modality": "bold",
    "run_id": 2,
    "session_id": "imageryTest03",
    "subject_id": "01",
    "task_id": "imagery"
  },
  "dummy_trs": 0,
  "dvars_nstd": 25.168816404811317,
  "dvars_std": 1.140436443066037,
  "dvars_vstd": 1.020787404056604,
  "efc": 0.5865462053955016,
  "fber": 478.3938903808594,
  "fd_mean": 0.09191234521315139,
  "fd_num": 15,
  "fd_perc": 7.042253521126761,
  "fwhm_avg": 1.9105988888888887,
  "fwhm_x": 1.79668,
  "fwhm_y": 2.0329866666666665,
  "fwhm_z": 1.9021299999999999,
  "gcor": 0.0387068,
  "gsr_x": -0.0010173966875299811,
  "gsr_y": 0.03396187722682953,
  "provenance": {
    "md5sum": "cb0833e6f93b8eddff33d786d8d27a1d",
    "settings": {
      "fd_thres": 0.2,
      "testing": false
    },
    "software": "mriqc",
    "version": "23.1.0"
  },
  "size_t": 213,
  "size_x": 64,
  "size_y": 64,
  "size_z": 50,
  "snr": 4.067708394643401,
  "spacing_tr": 3.0,
  "spacing_x": 3.0,
  "spacing_y": 3.0,
  "spacing_z": 3.0,
  "summary_bg_k": 19.32099748224987,
  "summary_bg_mad": 19.071972014627224,
  "summary_bg_mean": 77.77780842058105,
  "summary_bg_median": 38.59624481201172,
  "summary_bg_n": 150198.0,
  "summary_bg_p05": 24.225353240966797,
  "summary_bg_p95": 276.7276916503906,
  "summary_bg_stdv": 94.88402828068256,
  "summary_fg_k": 1.4802817130050032,
  "summary_fg_mad": 170.3600801884432,
  "summary_fg_mean": 856.3462318978133,
  "summary_fg_median": 844.1854553222656,
  "summary_fg_n": 54602.0,
  "summary_fg_p05": 520.45068359375,
  "summary_fg_p95": 1214.2723388671875,
  "summary_fg_stdv": 207.53152464066986,
  "tsnr": 55.565900922287256
}