{
  "aor": 0.002519423076923077,
  "aqi": 0.008767723461538462,
  "bids_meta": {
    "dataset": "ds001246",
    "modality": "bold",
    "run_id": 1,
    "session_id": "imageryTest03",
    "subject_id": "01",
    "task_id": "imagery"
  },
  "dummy_trs": 5,
  "dvars_nstd": 25.523629579806766,
  "dvars_std": 1.120946316086957,
  "dvars_vstd": 1.0140659121739133,
  "efc": 0.5852935587867942,
  "fber": 476.75079345703125,
  "fd_mean": 0.09985591681782978,
  "fd_num": 16,
  "fd_perc": 7.6923076923076925,
  "fwhm_avg": 1.9283322222222221,
  "fwhm_x": 1.8130899999999999,
  "fwhm_y": 2.04209,
  "fwhm_z": 1.9298166666666667,
  "gcor": 0.0250617,
  "gsr_x": -0.0005965633899904788,
  "gsr_y": 0.03499341011047363,
  "provenance": {
    "md5sum": "3bb324971eda5861af810f988d07ce07",
    "settings": {
      "fd_thres": 0.2,
      "testing": false
    },
    "software": "mriqc",
    "version": "23.1.0"
  },
  "size_t": 208,
  "size_x": 64,
  "size_y": 64,
  "size_z": 50,
  "snr": 4.112777088659821,
  "spacing_tr": 3.0,
  "spacing_x": 3.0,
  "spacing_y": 3.0,
  "spacing_z": 3.0,
  "summary_bg_k": 19.842536454327195,
  "summary_bg_mad": 19.430643841917526,
  "summary_bg_mean": 76.67306401550283,
  "summary_bg_median": 38.490386962890625,
  "summary_bg_n": 150383.0,
  "summary_bg_p05": 22.5625,
  "summary_bg_p95": 271.9952087402344,
  "summary_bg_stdv": 93.65479573635152,
  "summary_fg_k": 1.3443873064427239,
  "summary_fg_mad": 168.06152190278274,
  "summary_fg_mean": 852.7451220420785,
  "summary_fg_median": 840.423095703125,
  "summary_fg_n": 54417.0,
  "summary_fg_p05": 522.8269653320312,
  "summary_fg_p95": 1203.490478515625,
  "summary_fg_stdv": 204.34255382356898,
  "tsnr": 51.15112569928169
}