{
  "aor": 0.0007212994350282486,
  "aqi": 0.00644213768361582,
  "bids_meta": {
    "dataset": "ds001246",
    "modality": "bold",
    "run_id": 1,
    "session_id": "perceptionTest03",
    "subject_id": "03",
    "task_id": "perception"
  },
  "dummy_trs": 1,
  "dvars_nstd": 21.81638580039774,
  "dvars_std": 1.0207651244318183,
  "dvars_vstd": 0.9743543080681817,
  "efc": 0.5738413947565731,
  "fber": 493.7308044433594,
  "fd_mean": 0.05844303114817572,
  "fd_num": 4,
  "fd_perc": 2.2598870056497176,
  "fwhm_avg": 1.9444055555555557,
  "fwhm_x": 1.8067466666666665,
  "fwhm_y": 2.0609033333333335,
  "fwhm_z": 1.9655666666666667,
  "gcor": 0.00718893,
  "gsr_x": -0.005468357354402542,
  "gsr_y": 0.044903624802827835,
  "provenance": {
    "md5sum": "1bffaac0906c656fe993dd979bfdeebb",
    "settings": {
      "fd_thres": 0.2,
      "testing": false
    },
    "software": "mriqc",
    "version": "23.1.0"
  },
  "size_t": 177,
  "size_x": 64,
  "size_y": 64,
  "size_z": 50,
  "snr": 4.024608373492358,
  "spacing_tr": 3.0,
  "spacing_x": 3.0,
  "spacing_y": 3.0,
  "spacing_z": 3.0,
  "summary_bg_k": 24.419341259952645,
  "summary_bg_mad": 17.405919376273918,
  "summary_bg_mean": 74.55888354725386,
  "summary_bg_median": 36.50847625732422,
  "summary_bg_n": 153881.0,
  "summary_bg_p05": 21.768362045288086,
  "summary_bg_p95": 268.4124450683594,
  "summary_bg_stdv": 95.40543685322346,
  "summary_fg_k": 1.4747748639802918,
  "summary_fg_mad": 168.7737754465973,
  "summary_fg_mean": 825.6811707402117,
  "summary_fg_median": 811.2203369140625,
  "summary_fg_n": 50919.0,
  "summary_fg_p05": 504.35028076171875,
  "summary_fg_p95": 1175.2655029296875,
  "summary_fg_stdv": 201.5630580172231,
  "tsnr": 55.96801847638562
}