{
  "aor": 0.0006740449438202247,
  "aqi": 0.005866783146067417,
  "bids_meta": {
    "dataset": "ds001246",
    "modality": "bold",
    "run_id": 8,
    "session_id": "perceptionTest03",
    "subject_id": "03",
    "task_id": "perception"
  },
  "dummy_trs": 0,
  "dvars_nstd": 20.180829678248607,
  "dvars_std": 1.012462267344633,
  "dvars_vstd": 0.9948106773446328,
  "efc": 0.5748205032584174,
  "fber": 491.9156188964844,
  "fd_mean": 0.04642351288508631,
  "fd_num": 0,
  "fd_perc": 0.0,
  "fwhm_avg": 1.9586044444444444,
  "fwhm_x": 1.8231833333333334,
  "fwhm_y": 2.077713333333333,
  "fwhm_z": 1.9749166666666669,
  "gcor": 0.011198,
  "gsr_x": -0.004987471736967564,
  "gsr_y": 0.044646911323070526,
  "provenance": {
    "md5sum": "e875983bb26d2bdb5f8e30bb66772c44",
    "settings": {
      "fd_thres": 0.2,
      "testing": false
    },
    "software": "mriqc",
    "version": "23.1.0"
  },
  "size_t": 178,
  "size_x": 64,
  "size_y": 64,
  "size_z": 50,
  "snr": 4.030107653083079,
  "spacing_tr": 3.0,
  "spacing_x": 3.0,
  "spacing_y": 3.0,
  "spacing_z": 3.0,
  "summary_bg_k": 25.0314167545203,
  "summary_bg_mad": 16.791721160688663,
  "summary_bg_mean": 75.22626784982019,
  "summary_bg_median": 36.76404571533203,
  "summary_bg_n": 153762.0,
  "summary_bg_p05": 24.162921905517578,
  "summary_bg_p95": 267.7921447753906,
  "summary_bg_stdv": 95.76787611481357,
  "summary_fg_k": 1.4798920062326992,
  "summary_fg_mad": 169.99119420554902,
  "summary_fg_mean": 830.2367763020756,
  "summary_fg_median": 815.3960571289062,
  "summary_fg_n": 51038.0,
  "summary_fg_p05": 507.88201904296875,
  "summary_fg_p95": 1179.382080078125,
  "summary_fg_stdv": 202.3241409789494,
  "tsnr": 59.04278960521333
}