{
  "aor": 0.0014379775280898878,
  "aqi": 0.00667623308988764,
  "bids_meta": {
    "dataset": "ds001246",
    "modality": "bold",
    "run_id": 3,
    "session_id": "perceptionTest04",
    "subject_id": "02",
    "task_id": "perception"
  },
  "dummy_trs": 0,
  "dvars_nstd": 28.45894460084745,
  "dvars_std": 1.197874330621469,
  "dvars_vstd": 1.0208357792655374,
  "efc": 0.5754097504816844,
  "fber": 422.8316650390625,
  "fd_mean": 0.10391065353175713,
  "fd_num": 13,
  "fd_perc": 7.303370786516854,
  "fwhm_avg": 1.8779444444444444,
  "fwhm_x": 1.7816566666666667,
  "fwhm_y": 1.9716433333333334,
  "fwhm_z": 1.8805333333333334,
  "gcor": 0.0403137,
  "gsr_x": 0.01744612120091915,
  "gsr_y": 0.02030572108924389,
  "provenance": {
    "md5sum": "3bc0af60e357641e256b71b5e6224693",
    "settings": {
      "fd_thres": 0.2,
      "testing": false
    },
    "software": "mriqc",
    "version": "23.1.0"
  },
  "size_t": 178,
  "size_x": 64,
  "size_y": 64,
  "size_z": 50,
  "snr": 4.061976998473162,
  "spacing_tr": 3.0,
  "spacing_x": 3.0,
  "spacing_y": 3.0,
  "spacing_z": 3.0,
  "summary_bg_k": 19.42173773017696,
  "summary_bg_mad": 21.13957500779616,
  "summary_bg_mean": 84.24999313792102,
  "summary_bg_median": 42.578651428222656,
  "summary_bg_n": 155401.0,
  "summary_bg_p05": 27.044944763183594,
  "summary_bg_p95": 316.0224609375,
  "summary_bg_stdv": 106.17034911856518,
  "summary_fg_k": 1.5797947620734831,
  "summary_fg_mad": 170.8490927854161,
  "summary_fg_mean": 889.2755833539323,
  "summary_fg_median": 875.539306640625,
  "summary_fg_n": 49399.0,
  "summary_fg_p05": 544.6516723632812,
  "summary_fg_p95": 1270.3876953125,
  "summary_fg_stdv": 215.54293513026076,
  "tsnr": 57.310647587291896
}