{
  "aor": 0.0026212359550561795,
  "aqi": 0.02083688966292135,
  "bids_meta": {
    "dataset": "ds001246",
    "modality": "bold",
    "run_id": 9,
    "session_id": "perceptionTraining02",
    "subject_id": "01",
    "task_id": "perception"
  },
  "dummy_trs": 0,
  "dvars_nstd": 40.51745179830505,
  "dvars_std": 1.1010854195480226,
  "dvars_vstd": 1.0064319596610176,
  "efc": 0.5950508099513475,
  "fber": 389.9989013671875,
  "fd_mean": 0.5183222119758853,
  "fd_num": 158,
  "fd_perc": 88.76404494382022,
  "fwhm_avg": 1.932197777777778,
  "fwhm_x": 1.8231566666666668,
  "fwhm_y": 2.04897,
  "fwhm_z": 1.9244666666666665,
  "gcor": 0.0215436,
  "gsr_x": 0.0038098522927612066,
  "gsr_y": 0.03504074364900589,
  "provenance": {
    "md5sum": "617121026d6d9cb96607ebb4f43f7c1a",
    "settings": {
      "fd_thres": 0.2,
      "testing": false
    },
    "software": "mriqc",
    "version": "23.1.0"
  },
  "size_t": 178,
  "size_x": 64,
  "size_y": 64,
  "size_z": 50,
  "snr": 4.136447752611094,
  "spacing_tr": 3.0,
  "spacing_x": 3.0,
  "spacing_y": 3.0,
  "spacing_z": 3.0,
  "summary_bg_k": 15.908568558528192,
  "summary_bg_mad": 20.798076648662647,
  "summary_bg_mean": 77.1263596929637,
  "summary_bg_median": 40.12359619140625,
  "summary_bg_n": 150048.0,
  "summary_bg_p05": 23.09550666809082,
  "summary_bg_p95": 261.5,
  "summary_bg_stdv": 88.6376281512516,
  "summary_fg_k": 1.3581874096111042,
  "summary_fg_mad": 158.07205509948255,
  "summary_fg_mean": 802.8221047962012,
  "summary_fg_median": 792.3764038085938,
  "summary_fg_n": 54752.0,
  "summary_fg_p05": 488.98876953125,
  "summary_fg_p95": 1129.550537109375,
  "summary_fg_stdv": 191.5578813307912,
  "tsnr": 31.378234460484236
}