{
  "aor": 0.002162022471910112,
  "aqi": 0.017572700280898874,
  "bids_meta": {
    "dataset": "ds001246",
    "modality": "bold",
    "run_id": 3,
    "session_id": "perceptionTraining02",
    "subject_id": "01",
    "task_id": "perception"
  },
  "dummy_trs": 0,
  "dvars_nstd": 37.33343353932202,
  "dvars_std": 1.1046801145762717,
  "dvars_vstd": 1.0021280529943506,
  "efc": 0.5947368653123304,
  "fber": 396.0590515136719,
  "fd_mean": 0.4055328600088719,
  "fd_num": 143,
  "fd_perc": 80.33707865168539,
  "fwhm_avg": 1.9306655555555556,
  "fwhm_x": 1.8230066666666669,
  "fwhm_y": 2.0325633333333335,
  "fwhm_z": 1.9364266666666667,
  "gcor": 0.0284005,
  "gsr_x": 0.0028972001746296883,
  "gsr_y": 0.034913867712020874,
  "provenance": {
    "md5sum": "91f603388f92c755493b984e82b35a48",
    "settings": {
      "fd_thres": 0.2,
      "testing": false
    },
    "software": "mriqc",
    "version": "23.1.0"
  },
  "size_t": 178,
  "size_x": 64,
  "size_y": 64,
  "size_z": 50,
  "snr": 4.14332946637056,
  "spacing_tr": 3.0,
  "spacing_x": 3.0,
  "spacing_y": 3.0,
  "spacing_z": 3.0,
  "summary_bg_k": 15.647577416769543,
  "summary_bg_mad": 21.056281000788406,
  "summary_bg_mean": 77.66039755482755,
  "summary_bg_median": 40.15730285644531,
  "summary_bg_n": 150049.0,
  "summary_bg_p05": 22.691011428833008,
  "summary_bg_p95": 265.2640380859375,
  "summary_bg_stdv": 89.66410605454111,
  "summary_fg_k": 1.3081770669837685,
  "summary_fg_mad": 160.70407219710546,
  "summary_fg_mean": 810.1659227649109,
  "summary_fg_median": 799.1798095703125,
  "summary_fg_n": 54751.0,
  "summary_fg_p05": 495.12359619140625,
  "summary_fg_p95": 1139.51123046875,
  "summary_fg_stdv": 192.88171933008084,
  "tsnr": 33.95739383297041
}