{
  "aor": 0.0005025280898876405,
  "aqi": 0.005834525280898877,
  "bids_meta": {
    "dataset": "ds001246",
    "modality": "bold",
    "run_id": 8,
    "session_id": "perceptionTraining01",
    "subject_id": "03",
    "task_id": "perception"
  },
  "dummy_trs": 0,
  "dvars_nstd": 24.29576678728814,
  "dvars_std": 1.083798482824859,
  "dvars_vstd": 0.9939839981355939,
  "efc": 0.578042615414153,
  "fber": 469.2492370605469,
  "fd_mean": 0.08892509916364576,
  "fd_num": 5,
  "fd_perc": 2.808988764044944,
  "fwhm_avg": 1.920298783834607,
  "fwhm_x": 1.79523,
  "fwhm_y": 2.024333172453787,
  "fwhm_z": 1.9413331790500339,
  "gcor": 0.0304235,
  "gsr_x": -0.007202208042144775,
  "gsr_y": 0.04527553915977478,
  "provenance": {
    "md5sum": "2c0452735726e50f4bf3aded2152f7eb",
    "settings": {
      "fd_thres": 0.2,
      "testing": false
    },
    "software": "mriqc",
    "version": "23.1.0"
  },
  "size_t": 178,
  "size_x": 64,
  "size_y": 64,
  "size_z": 50,
  "snr": 4.020718647372801,
  "spacing_tr": 3.0,
  "spacing_x": 3.0,
  "spacing_y": 3.000000238418579,
  "spacing_z": 3.000000238418579,
  "summary_bg_k": 23.56160975811813,
  "summary_bg_mad": 19.04894209125017,
  "summary_bg_mean": 77.67078471283985,
  "summary_bg_median": 37.83146286010742,
  "summary_bg_n": 153566.0,
  "summary_bg_p05": 22.825843811035156,
  "summary_bg_p95": 277.08990478515625,
  "summary_bg_stdv": 98.88871849207428,
  "summary_fg_k": 1.5620380631416069,
  "summary_fg_mad": 168.66681525236672,
  "summary_fg_mean": 834.767167966418,
  "summary_fg_median": 819.51123046875,
  "summary_fg_n": 51234.0,
  "summary_fg_p05": 510.2865295410156,
  "summary_fg_p95": 1186.1292724609375,
  "summary_fg_stdv": 203.8200890372748,
  "tsnr": 59.315836200490594
}